Actresss,Year,Title [ a ],Role(s),Notes,Ref(s),,,
Madhuri Dixit,1984,Abodh,Gauri,,[ 27 ],,,
Madhuri Dixit,1985,Awara Baap,Barkha,,[ 28 ],,,
Madhuri Dixit,1986,Swati,Anandi,,[ 29 ],,,
Madhuri Dixit,1987,Hifazat,Janki,,[ 30 ],,,
Madhuri Dixit,1987,Uttar Dakshin,Chanda,,[ 31 ],,,
Madhuri Dixit,1987,Mohre,Maya,,[ 32 ],,,
Madhuri Dixit,1988,Khatron Ke Khiladi,Kavita,,[ 33 ],,,
Madhuri Dixit,1988,Dayavan,Neelu Shakti,,[ 34 ],,,
Madhuri Dixit,1988,Tezaab,Mohini,Nominated— Filmfare Award for Best Actress,[ 35 ],,,
Madhuri Dixit,1989,Vardi,Jaya,,[ 36 ],,,
Madhuri Dixit,1989,Ram Lakhan,Radha Shastri,,[ 37 ],,,
Madhuri Dixit,1989,Prem Pratigyaa,Laxmi Rao,Nominated—Filmfare Award for Best Actress,[ 38 ] [ 39 ],,,
Madhuri Dixit,1989,Ilaaka,Vidya,,[ 40 ],,,
Madhuri Dixit,1989,Mujrim,Sonia,,[ 41 ],,,
Madhuri Dixit,1989,Tridev,Divya Mathur,,[ 42 ],,,
Madhuri Dixit,1989,Kanoon Apna Apna,Bharathi,,[ 43 ],,,
Madhuri Dixit,1989,Parinda,Paro,,[ 44 ],,,
Madhuri Dixit,1989,Paap Ka Ant,Nisha,,[ 45 ],,,
Madhuri Dixit,1990,Maha-Sangram,Jhumri,,[ 46 ],,,
Madhuri Dixit,1990,Kishen Kanhaiya,Anju,,[ 47 ],,,
Madhuri Dixit,1990,Izzatdaar,Mohini,,[ 48 ],,,
Madhuri Dixit,1990,Dil,Madhu Mehra,Filmfare Award for Best Actress,[ 39 ] [ 49 ],,,
Madhuri Dixit,1990,Deewana Mujh Sa Nahin,Anita,,[ 50 ],,,
Madhuri Dixit,1990,Jeevan Ek Sanghursh,Madhu Sen,,[ 51 ],,,
Madhuri Dixit,1990,Sailaab,Dr. Sushma Malhotra,,[ 52 ],,,
Madhuri Dixit,1990,Jamai Raja,Rekha,,[ 53 ],,,
Madhuri Dixit,1990,Thanedaar,Chanda,,[ 54 ],,,
Madhuri Dixit,1991,Pyar Ka Devta,Radha,,[ 55 ],,,
Madhuri Dixit,1991,Khilaaf,Shweta,,[ 56 ],,,
Madhuri Dixit,1991,100 Days,Devi,,[ 57 ],,,
Madhuri Dixit,1991,Pratikar,Madhu,,[ 58 ],,,
Madhuri Dixit,1991,Saajan,Pooja,Nominated—Filmfare Award for Best Actress,[ 39 ] [ 59 ],,,
Madhuri Dixit,1991,Prahaar,Shirley,,[ 60 ],,,
Madhuri Dixit,1992,Beta,Saraswati,Filmfare Award for Best Actress,[ 39 ] [ 61 ],,,
Madhuri Dixit,1992,Zindagi Ek Jua,Juhi,,[ 62 ],,,
Madhuri Dixit,1992,Prem Deewane,Shivangi Mehra,,[ 63 ],,,
Madhuri Dixit,1992,Khel,"Seema, Jhari Bhuti",,[ 64 ],,,
Madhuri Dixit,1992,Sangeet,"Sangeeta, Nirmala",,[ 65 ],,,
Madhuri Dixit,1992,Dharavi,Dreamgirl,,[ 66 ],,,
Madhuri Dixit,1993,Sahibaan,Sahibaan,,[ 67 ],,,
Madhuri Dixit,1993,Khalnayak,Ganga Gangotri Devi,Nominated—Filmfare Award for Best Actress,[ 39 ] [ 68 ],,,
Madhuri Dixit,1993,Phool,Guddi,,[ 69 ],,,
Madhuri Dixit,1993,Dil Tera Aashiq,"Savitri Devi , Sonia Khanna",,[ 70 ],,,
Madhuri Dixit,1993,Aasoo Bane Angaarey,"Usha, Madhu",,[ 71 ],,,
Madhuri Dixit,1994,Anjaam,Shivani Dixit Chopra,Nominated—Filmfare Award for Best Actress,[ 39 ] [ 72 ],,,
Madhuri Dixit,1994,Hum Aapke Hain Koun..!,Nisha Choudhury,Filmfare Award for Best Actress,[ 39 ] [ 73 ],,,
Madhuri Dixit,1995,Raja,Madhu Garhwal,Nominated—Filmfare Award for Best Actress,[ 39 ] [ 74 ],,,
Madhuri Dixit,1995,Yaraana,Lalita/Shikha,Nominated—Filmfare Award for Best Actress,[ 39 ] [ 75 ],,,
Madhuri Dixit,1995,Paappi Devataa,Reshma,,[ 76 ],,,
Madhuri Dixit,1995,Daughters of This Century,–,,[ 77 ],,,
Madhuri Dixit,1996,Prem Granth,Kajri,,[ 78 ],,,
Madhuri Dixit,1996,Rajkumar,Rajkumari Vishaka,,[ 79 ],,,
Madhuri Dixit,1997,Koyla,Gauri,,[ 80 ],,,
Madhuri Dixit,1997,Mahaanta,Jenny Pinto,,[ 81 ],,,
Madhuri Dixit,1997,Mrityudand,Ketki,,[ 82 ],,,
Madhuri Dixit,1997,Mohabbat,Shweta Sharma,,[ 83 ],,,
Madhuri Dixit,1997,Dil To Pagal Hai,Pooja Nair,Filmfare Award for Best Actress,[ 84 ] [ 85 ],,,
Madhuri Dixit,1998,Bade Miyan Chote Miyan,Herself,Special appearance,[ 86 ],,,
Madhuri Dixit,1998,Wajood,Apoorva Choudhury,,[ 87 ],,,
Madhuri Dixit,1999,Aarzoo,Pooja,,[ 88 ],,,
Madhuri Dixit,2000,Pukar,Anjali,Nominated—Filmfare Award for Best Actress,[ 39 ] [ 89 ],,,
Madhuri Dixit,2000,Gaja Gamini,"Gaja Gamini , Sangita, Shakuntala, Monika, Mona Lisa",,[ 90 ],,,
Madhuri Dixit,2001,Yeh Raaste Hain Pyaar Ke,Neha,,[ 91 ],,,
Madhuri Dixit,2001,Lajja,Janaki,Nominated— Filmfare Award for Best Supporting Actress,[ 39 ] [ 92 ],,,
Madhuri Dixit,2002,Hum Tumhare Hain Sanam,Radha,,[ 93 ],,,
Madhuri Dixit,2002,Devdas,Chandramukhi,"Filmfare Award for Best Supporting Actress; Also playback singer for song ""Kaahe Chhed""",[ 18 ] [ 94 ],,,
Madhuri Dixit,2007,Aaja Nachle,Dia,"Nominated—Filmfare Award for Best Actress; Also playback singer for song ""Soniye Mil Ja""",[ 39 ] [ 95 ] [ 96 ],,,
Madhuri Dixit,2013,Bombay Talkies,Herself,"Special appearance in the song "" Apna Bombay Talkies """,[ 97 ],,,
Madhuri Dixit,2013,Yeh Jawaani Hai Deewani,Mohini,"Special appearance in the song ""Ghagra""",[ 98 ],,,
Madhuri Dixit,2014,Dedh Ishqiya,Begum Para,Nominated—Filmfare Award for Best Actress,[ 99 ] [ 100 ],,,
Madhuri Dixit,2014,Gulaab Gang,Rajjo,"Also playback singer for the song ""Rangi Saari Gulaabi""",[ 101 ] [ 102 ],,,
Madhuri Dixit,2018,Bucket List,Madhura Sane,Marathi film,[ 103 ],,,
Madhuri Dixit,2018,Mowgli: Legend of the Jungle,Nisha,Voiceover in Hindi dubbed version,[ 104 ],,,
Madhuri Dixit,2019,Total Dhamaal,Bindu Patel,,[ 105 ],,,
Madhuri Dixit,2019,15 August,–,Producer,[ 106 ],,,
Madhuri Dixit,2019,Kalank,Bahaar Begum,Nominated—Filmfare Award for Best Supporting Actress,[ 107 ],,,
Madhuri Dixit,2022,Maja Ma,Pallavi Patel,,[ 108 ],,,
Madhuri Dixit,2023,Panchak,–,Producer,[ 109 ],,,
Madhuri Dixit,2024,Bhool Bhulaiyaa 3,"Mandira, Anjulika",,[ 110 ],,,
Madhuri Dixit,2026,Maa Behen †,Rekha,Netflix film,[ 111 ],,,
Aishwarya Rai Bachchan,1997,Iruvar,Pushpavalli & Kalpana [I],Tamil,,[ 31 ],,
Aishwarya Rai Bachchan,1997,Aur Pyaar Ho Gaya,Ashi Kapoor,Hindi,,[ 32 ],,
Aishwarya Rai Bachchan,1998,Jeans,Madhumitha/Vaishnavi [II],Tamil,,[ 33 ],,
Aishwarya Rai Bachchan,1999,Ravoyi Chandamama,Dancer,Telugu,"Special appearance in ""Love to Live""",[ 34 ] [ 35 ],,
Aishwarya Rai Bachchan,1999,Aa Ab Laut Chalen,Pooja Walia,Hindi,,[ 36 ],,
Aishwarya Rai Bachchan,1999,Hum Dil De Chuke Sanam,Nandini Darbar,Hindi,,[ 37 ],,
Aishwarya Rai Bachchan,1999,Taal,Mansi Shankar Manhuja,Hindi,,[ 38 ],,
Aishwarya Rai Bachchan,2000,Kandukondain Kandukondain,Meenakshi,Tamil,,[ 39 ],,
Aishwarya Rai Bachchan,2000,Josh,Shirley Dias,Hindi,,[ 40 ],,
Aishwarya Rai Bachchan,2000,Hamara Dil Aapke Paas Hai,Preeti Vyas,Hindi,,[ 41 ],,
Aishwarya Rai Bachchan,2000,Dhai Akshar Prem Ke,Sahiba Grewal,Hindi,,[ 42 ],,
Aishwarya Rai Bachchan,2000,Mohabbatein,Megha Shankar,Hindi,,[ 43 ],,
Aishwarya Rai Bachchan,2000,Mela,Champakali,Hindi,Cameo,[ 44 ],,
Aishwarya Rai Bachchan,2001,Albela,Sonia Heinz,Hindi,,[ 45 ],,
Aishwarya Rai Bachchan,2002,Devdas,Paro,Hindi,,[ 46 ],,
Aishwarya Rai Bachchan,2002,Hum Kisise Kum Nahin,Komal Rastogi,Hindi,,[ 47 ],,
Aishwarya Rai Bachchan,2002,Hum Tumhare Hain Sanam,Suman,Hindi,Cameo,[ 48 ],,
Aishwarya Rai Bachchan,2002,23rd March 1931: Shaheed,Mannawali,Hindi,Special appearance,[ 49 ],,
Aishwarya Rai Bachchan,2002,Shakti: The Power,Herself,Hindi,"Special appearance in ""Ishq Kamina""",[ 50 ],,
Aishwarya Rai Bachchan,2003,Chokher Bali,Binodini,Bengali,,[ 51 ],,
Aishwarya Rai Bachchan,2003,Dil Ka Rishta,Tia Sharma,Hindi,,[ 52 ],,
Aishwarya Rai Bachchan,2003,Kuch Naa Kaho,Namrata Shrivastav,Hindi,,[ 53 ],,
Aishwarya Rai Bachchan,2004,Khakee,Mahalakshmi,Hindi,,[ 54 ],,
Aishwarya Rai Bachchan,2004,Kyun! Ho Gaya Na...,Diya Malhotra,Hindi,,[ 55 ],,
Aishwarya Rai Bachchan,2004,Raincoat,Neerja,Hindi,,[ 56 ],,
Aishwarya Rai Bachchan,2004,Bride and Prejudice,Lalita Bakshi,English,,[ 57 ],,
Aishwarya Rai Bachchan,2005,The Mistress of Spices,Tilo,English,,[ 58 ],,
Aishwarya Rai Bachchan,2005,Shabd,Antara Vashist/ Tammana [II],Hindi,,[ 59 ],,
Aishwarya Rai Bachchan,2005,Bunty Aur Babli,Dancer,Hindi,"Special appearance in "" Kajra Re """,[ 60 ],,
Aishwarya Rai Bachchan,2006,Umrao Jaan,Umrao Jaan,Hindi,,[ 61 ],,
Aishwarya Rai Bachchan,2006,Dhoom 2,Sunehri Kaur,Hindi,,[ 62 ],,
Aishwarya Rai Bachchan,2007,Guru,Sujata Desai,Hindi,,[ 63 ],,
Aishwarya Rai Bachchan,2007,Provoked,Kiranjit Ahluwalia,English,,[ 64 ],,
Aishwarya Rai Bachchan,2007,The Last Legion,Mira,English,,[ 21 ],,
Aishwarya Rai Bachchan,2008,Jodhaa Akbar,Jodhaa Bai,Hindi,,[ 65 ],,
Aishwarya Rai Bachchan,2008,Sarkar Raj,Anita Rajan,Hindi,,[ 66 ],,
Aishwarya Rai Bachchan,2009,The Pink Panther 2,Sonia Solandres,English,,[ 67 ],,
Aishwarya Rai Bachchan,2010,Raavan,Ragini Sharma,Hindi,,[ 68 ],,
Aishwarya Rai Bachchan,2010,Raavanan,Ragini Subramaniam,Tamil,,[ 69 ],,
Aishwarya Rai Bachchan,2010,Enthiran,Sana,Tamil,,[ 70 ],,
Aishwarya Rai Bachchan,2010,Action Replayy,Mala Malhotra Chopra,Hindi,,[ 71 ],,
Aishwarya Rai Bachchan,2010,Guzaarish,Sofia D'Souza,Hindi,,[ 72 ],,
Aishwarya Rai Bachchan,2011,Bollywood: The Greatest Love Story Ever Told,Herself,English/ Hindi,Documentary,[ 73 ],,
Aishwarya Rai Bachchan,2015,Jazbaa,Anuradha Verma,Hindi,,[ 28 ],,
Aishwarya Rai Bachchan,2016,Sarbjit,Dalbir Kaur,Hindi,,[ 74 ],,
Aishwarya Rai Bachchan,2016,Ae Dil Hai Mushkil,Saba Taliyar Khan,Hindi,[ 75 ],,,
Aishwarya Rai Bachchan,2018,Fanney Khan,"Sumitra ""Baby"" Singh",Hindi,,[ 76 ],,
Aishwarya Rai Bachchan,2022,Ponniyin Selvan: I,Nandini & Oomai Rani [I],Tamil,,[ 77 ],,
Aishwarya Rai Bachchan,2023,Ponniyin Selvan: II,Nandini & Oomai Rani [I],Tamil,,[ 78 ],,
Karisma Kapoor,1991,Prem Qaidi,Neelima,,[ 17 ],,,
Karisma Kapoor,1992,Police Officer,Bijali,,[ 18 ],,,
Karisma Kapoor,1992,Jaagruti,Shalu,,[ 19 ],,,
Karisma Kapoor,1992,Nishchaiy,Payal,,[ 20 ] [ 21 ],,,
Karisma Kapoor,1992,Sapne Sajan Ke,Jyoti,,[ 22 ],,,
Karisma Kapoor,1992,Deedar,Sapna Saxena,,[ 23 ],,,
Karisma Kapoor,1992,Jigar,Suman,,[ 24 ],,,
Karisma Kapoor,1993,Anari,Rajnandini,,[ 25 ],,,
Karisma Kapoor,1993,Muqabla,Karishma,,[ 26 ],,,
Karisma Kapoor,1993,Sangraam,Madhu,,[ 27 ],,,
Karisma Kapoor,1993,Shaktiman,Priya,,[ 28 ],,,
Karisma Kapoor,1993,Dhanwaan,Anjali Chopra,,[ 29 ],,,
Karisma Kapoor,1994,Prem Shakti,Gouri/Karisma [ a ],,[ 30 ],,,
Karisma Kapoor,1994,Raja Babu,Madhoo,,[ 31 ],,,
Karisma Kapoor,1994,Dulaara,Priya,,[ 32 ],,,
Karisma Kapoor,1994,Khuddar,Pooja,,[ 33 ],,,
Karisma Kapoor,1994,Andaz,Jaya,,[ 34 ] [ 35 ],,,
Karisma Kapoor,1994,Andaz Apna Apna,Karishma/Raveena [ b ],,[ 36 ],,,
Karisma Kapoor,1994,Yeh Dillagi,Anjali,Cameo appearance,[ 37 ],,,
Karisma Kapoor,1994,Aatish,Pooja,,[ 38 ],,,
Karisma Kapoor,1994,Suhaag,Pooja,,[ 39 ],,,
Karisma Kapoor,1994,Gopi Kishan,Barkha,,[ 40 ],,,
Karisma Kapoor,1995,Jawab,Suman,,[ 41 ],,,
Karisma Kapoor,1995,Maidan-E-Jung,Tulsi,,[ 42 ],,,
Karisma Kapoor,1995,Coolie No.1,Malti,,[ 43 ],,,
Karisma Kapoor,1996,Papi Gudia,Karisma,,[ 44 ] [ 45 ],,,
Karisma Kapoor,1996,Megha,Megha,,[ 46 ],,,
Karisma Kapoor,1996,Saajan Chale Sasural,Pooja,,[ 47 ],,,
Karisma Kapoor,1996,Krishna,Rashmi,,[ 48 ],,,
Karisma Kapoor,1996,Jeet,Kajal Sharma,,[ 49 ],,,
Karisma Kapoor,1996,Bal Bramhachari,Asha,,[ 50 ],,,
Karisma Kapoor,1996,Sapoot,Pooja,,[ 51 ],,,
Karisma Kapoor,1996,Raja Hindustani,Aarti Sehgal,,[ 52 ],,,
Karisma Kapoor,1996,Rakshak,Suman Sinha,,[ 53 ],,,
Karisma Kapoor,1996,Ajay,Manorama,,[ 54 ],,,
Karisma Kapoor,1997,Judwaa,Mala Sharma,,[ 55 ],,,
Karisma Kapoor,1997,Hero No. 1,Meena Nath Malhotra,,[ 56 ],,,
Karisma Kapoor,1997,Lahu Ke Do Rang,Heena,,[ 57 ],,,
Karisma Kapoor,1997,Mrityudaata,Reenu,,[ 58 ],,,
Karisma Kapoor,1997,Dil To Pagal Hai,Nisha,,[ 59 ] [ 60 ],,,
Karisma Kapoor,1999,Silsila Hai Pyar Ka,Vanshikha Mathur,,[ 61 ],,,
Karisma Kapoor,1999,Biwi No.1,Pooja Makhija,,[ 62 ],,,
Karisma Kapoor,1999,Haseena Maan Jaayegi,Ritu Verma,,[ 63 ],,,
Karisma Kapoor,1999,Hum Saath-Saath Hain,Sapna Bajpai,,[ 64 ],,,
Karisma Kapoor,1999,Jaanwar,Sapna,,[ 65 ],,,
Karisma Kapoor,2000,Dulhan Hum Le Jayenge,Sapna,,[ 66 ],,,
Karisma Kapoor,2000,Chal Mere Bhai,Sapna,,[ 67 ],,,
Karisma Kapoor,2000,Hum To Mohabbat Karega,Geeta Kapoor,,[ 68 ],,,
Karisma Kapoor,2000,Fiza,Fiza Ikramullah,,[ 69 ] [ 70 ],,,
Karisma Kapoor,2000,Shikari,Rajeshwari Rawal,,[ 71 ] [ 72 ],,,
Karisma Kapoor,2001,Zubeidaa,Zubeidaa,,[ 69 ] [ 73 ],,,
Karisma Kapoor,2001,Aashiq,Pooja,,[ 74 ],,,
Karisma Kapoor,2001,Ek Rishtaa,Nisha Thapar,,[ 75 ],,,
Karisma Kapoor,2002,Haan Maine Bhi Pyaar Kiya,Pooja Kashyap,,[ 76 ],,,
Karisma Kapoor,2002,Shakti: The Power,Nandini,,[ 9 ] [ 69 ],,,
Karisma Kapoor,2002,Rishtey,Komal,,[ 77 ],,,
Karisma Kapoor,2003,Baaz,Neha Chopra,,[ 78 ],,,
Karisma Kapoor,2006,Mere Jeevan Saathi,Natasha Arora,,[ 79 ],,,
Karisma Kapoor,2006,Zamaanat,Kajal,Unreleased,,,,
Karisma Kapoor,2007,Om Shanti Om,Herself,"Special appearance in song ""Deewangi Deewangi""",[ 80 ],,,
Karisma Kapoor,2011,Bodyguard,Chhaya,Voice only,[ 81 ],,,
Karisma Kapoor,2012,Dangerous Ishhq,Sanjana / Geeta / Salma / Paro [ c ],,[ 82 ],,,
Karisma Kapoor,2013,Bombay Talkies,Herself,"Special appearance in song "" Apna Bombay Talkies """,[ 83 ],,,
Karisma Kapoor,2018,Zero,Herself,Cameo appearance,[ 84 ],,,
Karisma Kapoor,2024,Murder Mubarak,Shehnaz Noorani,,[ 85 ],,,
Ajay Devgn,1991,Phool Aur Kaante,Yes,No,No,Ajay Salgaonkar,,
Ajay Devgn,1992,Jigar,Yes,No,No,"Raj ""Raju"" Verma",,[ 34 ]
Ajay Devgn,1993,Divya Shakti,Yes,No,No,Prashant Varma,,[ 34 ]
Ajay Devgn,1993,Platform,Yes,No,No,Raju,,[ 34 ]
Ajay Devgn,1993,Sangraam,Yes,No,No,Raja S. Singh Kanwar,,[ 34 ]
Ajay Devgn,1993,Shaktiman,Yes,No,No,Amar Chauhan,,[ 34 ]
Ajay Devgn,1993,Dil Hai Betaab,Yes,No,No,Ajay,,[ 34 ]
Ajay Devgn,1993,Ek Hi Raasta,Yes,No,No,Karan Singh,,[ 34 ]
Ajay Devgn,1993,Bedardi,Yes,No,No,Vijay Saxena,,[ 34 ]
Ajay Devgn,1993,Dhanwaan,Yes,No,No,Kashinath,,[ 34 ]
Ajay Devgn,1994,Dilwale,Yes,No,No,Arun Saxena,,[ 35 ]
Ajay Devgn,1994,Kanoon,Yes,No,No,Vishal Singh,,[ 34 ]
Ajay Devgn,1994,Vijaypath,Yes,No,No,Karan,,[ 36 ]
Ajay Devgn,1994,Suhaag,Yes,No,No,Ajay Sharma / Ajay Malhotra [ a ],,[ 34 ]
Ajay Devgn,1995,Naajayaz,Yes,No,No,Jai Bakshi,,[ 34 ]
Ajay Devgn,1995,Hulchul,Yes,No,No,Deva,,[ 37 ]
Ajay Devgn,1995,Gundaraj,Yes,No,No,Ajay Chauhan,,[ 34 ]
Ajay Devgn,1995,Haqeeqat,Yes,No,No,Shiva/Ajay [ a ],,[ 34 ]
Ajay Devgn,1996,Jung,Yes,No,No,Ajay Bahadur Saxena,,[ 34 ]
Ajay Devgn,1996,Jaan,Yes,No,No,Karan Sharma,,[ 34 ]
Ajay Devgn,1996,Diljale,Yes,No,No,Shyam,,[ 34 ]
Ajay Devgn,1997,Ishq,Yes,No,No,Ajay Rai,,[ 34 ]
Ajay Devgn,1997,Itihaas,Yes,No,No,Karan Bakshi,,[ 34 ]
Ajay Devgn,1998,Major Saab,Yes,No,No,Virendra Pratap Singh,,[ 38 ]
Ajay Devgn,1998,Pyaar To Hona Hi Tha,Yes,No,No,Shekhar Suryavanshi,,[ 39 ]
Ajay Devgn,1998,Sar Utha Ke Jiyo,Yes,No,No,Vishal / Raju,Special appearance,[ 34 ]
Ajay Devgn,1998,Zakhm,Yes,No,No,Ajay R. Desai,,[ 34 ]
Ajay Devgn,1999,Hogi Pyaar Ki Jeet,Yes,No,No,Raju,,[ 34 ]
Ajay Devgn,1999,Hum Dil De Chuke Sanam,Yes,No,No,Vanraj,,[ 40 ]
Ajay Devgn,1999,Hindustan Ki Kasam,Yes,Yes,No,Ajay/Tauheed [ b ],,[ 41 ]
Ajay Devgn,1999,Gair,Yes,No,No,Vijay Kumar /Dev [ a ],,[ 34 ]
Ajay Devgn,1999,Thakshak,Yes,No,No,Ishaan Singh,,[ 34 ]
Ajay Devgn,1999,Kachche Dhaage,Yes,No,No,Aftab,,[ 42 ]
Ajay Devgn,1999,Dil Kya Kare,Yes,Yes,No,Anand Kishore,,[ 43 ]
Ajay Devgn,2000,Deewane,Yes,No,No,Vishal/Arun [ b ],,[ 34 ]
Ajay Devgn,2000,Raju Chacha,Yes,Yes,No,Shekhar/Raju Chacha [ a ],,[ 34 ]
Ajay Devgn,2001,Yeh Raaste Hain Pyaar Ke,Yes,No,No,"Rohit Verma / Vikram ""Vicky"" Malhotra [ b ]",,[ 34 ]
Ajay Devgn,2001,Lajja,Yes,No,No,Bhulwa,,[ 44 ]
Ajay Devgn,2001,Tera Mera Saath Rahen,Yes,No,No,Raj Dixit,,[ 45 ]
Ajay Devgn,2002,Company,Yes,No,No,Malik,,[ 46 ]
Ajay Devgn,2002,Hum Kisise Kum Nahin,Yes,No,No,Raja Sharma,,[ 47 ]
Ajay Devgn,2002,The Legend of Bhagat Singh,Yes,No,No,Bhagat Singh,,[ 48 ]
Ajay Devgn,2002,Deewangee,Yes,No,No,Tarang Bharadwaj / Ranjeet,,[ 49 ]
Ajay Devgn,2003,Bhoot,Yes,No,No,Vishal Bhatia,,[ 50 ]
Ajay Devgn,2003,Qayamat: City Under Threat,Yes,No,No,Rachit,,[ 51 ]
Ajay Devgn,2003,Chori Chori,Yes,No,No,Ranbir Malhotra,,[ 52 ]
Ajay Devgn,2003,Gangaajal,Yes,No,No,SP Amit Kumar,,[ 53 ]
Ajay Devgn,2003,Parwana,Yes,No,No,Parwana,,[ 54 ]
Ajay Devgn,2003,Zameen,Yes,No,No,Lieutenant Colonel Ranvir Singh Ranawat,,[ 55 ]
Ajay Devgn,2003,LOC Kargil,Yes,No,No,Captain Manoj Kumar Pandey,,[ 56 ]
Ajay Devgn,2004,Khakee,Yes,No,No,Yashwant Aangre,,[ 57 ]
Ajay Devgn,2004,Masti,Yes,No,No,Inspector Sikander Tyagi,,[ 58 ]
Ajay Devgn,2004,Yuva,Yes,No,No,"Michael ""Mike"" Mukherjee",,[ 59 ]
Ajay Devgn,2004,Raincoat,Yes,No,No,"Manoj ""Mannu"" Tripathi",,[ 60 ]
Ajay Devgn,2004,Taarzan: The Wonder Car,Yes,No,No,Deven Chaudhary,Special appearance,[ 61 ]
Ajay Devgn,2005,Insan,Yes,No,No,Ajit Rathore,,[ 62 ]
Ajay Devgn,2005,Blackmail,Yes,No,No,Shekhar R Mohan,,[ 63 ]
Ajay Devgn,2005,Zameer: The Fire Within,Yes,No,No,Suraj Chauhan,,[ 64 ]
Ajay Devgn,2005,Tango Charlie,Yes,No,No,"BSF Soldier Hawaldar Mohammad Ali ""Mike Alpha""",,[ 65 ]
Ajay Devgn,2005,Kaal,Yes,No,No,Kaali Pratap Singh,,[ 66 ]
Ajay Devgn,2005,Main Aisa Hi Hoon,Yes,No,No,Indraneel Thakur,,[ 67 ]
Ajay Devgn,2005,Apaharan,Yes,No,No,Ajay Shastri,,[ 68 ]
Ajay Devgn,2005,Shikhar,Yes,No,No,Gaurav Gupta,,[ 69 ]
Ajay Devgn,2006,Dharti Kahe Pukar Ke,Yes,No,No,SP Kunal Singh,Cameo appearance,[ 70 ]
Ajay Devgn,2006,Golmaal: Fun Unlimited,Yes,No,No,Gopal Kumar Santoshi,,[ 71 ]
Ajay Devgn,2006,The Awakening,Yes,Yes,No,Himself,Also editor; Short film,[ 34 ] [ 72 ]
Ajay Devgn,2006,Omkara,Yes,No,No,"Omkara ""Omi"" Shukla",,[ 73 ]
Ajay Devgn,2007,Cash,Yes,No,No,Karan / Doc [ a ],,[ 34 ]
Ajay Devgn,2007,Aag,Yes,No,No,"Heerendra ""Heero"" Dhaan",,[ 74 ]
Ajay Devgn,2008,Halla Bol,Yes,No,No,Ashfaque Khan / Sameer Khan [ a ],,[ 75 ]
Ajay Devgn,2008,Sunday,Yes,No,No,ACP Rajveer Randhava,,[ 76 ]
Ajay Devgn,2008,U Me Aur Hum,Yes,Yes,Yes,Ajay Mehra,,[ 77 ] [ 78 ]
Ajay Devgn,2008,Haal-e-Dil,Yes,No,No,Himself,Guest appearance,[ 79 ]
Ajay Devgn,2008,Mehbooba,Yes,No,No,Karan Dhariwal,,[ 80 ]
Ajay Devgn,2008,Golmaal Returns,Yes,No,No,Gopal Kumar Santoshi,,[ 81 ]
Ajay Devgn,2009,All the Best: Fun Begins,Yes,Yes,No,Prem Chopra,,[ 82 ]
Ajay Devgn,2009,London Dreams,Yes,No,No,Arjun Joshi,,[ 83 ]
Ajay Devgn,2010,Teen Patti,Yes,No,No,Sunny,Cameo appearance,[ 84 ]
Ajay Devgn,2010,Atithi Tum Kab Jaoge?,Yes,No,No,"Puneet ""Pappu"" Bajpai",,[ 85 ]
Ajay Devgn,2010,Raajneeti,Yes,No,No,Sooraj Kumar,,[ 86 ]
Ajay Devgn,2010,Once Upon a Time in Mumbaai,Yes,No,No,Sultan Mirza,,[ 87 ]
Ajay Devgn,2010,Aakrosh,Yes,No,No,Pratap Kumar,,[ 88 ]
Ajay Devgn,2010,Golmaal 3,Yes,No,No,Gopal Kumar Santoshi,,[ 89 ]
Ajay Devgn,2010,Toonpur Ka Super Hero,Yes,No,No,Aditya,,[ 90 ]
Ajay Devgn,2011,Yamla Pagla Deewana,Yes,No,No,Narrator,,[ 91 ]
Ajay Devgn,2011,Dil Toh Baccha Hai Ji,Yes,No,No,Naren Ahuja,,[ 92 ]
Ajay Devgn,2011,Ready,Yes,No,No,Raju,Cameo appearance,[ 93 ]
Ajay Devgn,2011,Singham,Yes,No,No,Inspector Bajirao Singham,,[ 94 ]
Ajay Devgn,2011,Rascals,Yes,No,No,"Bhagat ""Bhagu"" Bhosle",,[ 95 ]
Ajay Devgn,2012,Tezz,Yes,No,No,Aakash Rana,,[ 96 ]
Ajay Devgn,2012,Bol Bachchan,Yes,Yes,No,Prithviraj Raghuvanshi,,[ 97 ]
Ajay Devgn,2012,Son of Sardaar,Yes,Yes,No,Jaswinder Singh Randhawa (Jassi),,[ 98 ]
Ajay Devgn,2013,Himmatwala,Yes,No,No,Ravi Verma,,[ 99 ]
Ajay Devgn,2013,Satyagraha,Yes,No,No,Manav Raghvendra,,[ 100 ]
Ajay Devgn,2013,Mahabharat,Yes,No,No,Arjuna (voice),,[ 101 ]
Ajay Devgn,2014,Singham Returns,Yes,Yes,No,DCP Bajirao Singham,,[ 102 ]
Ajay Devgn,2014,Action Jackson,Yes,No,No,Vishy/Jai (AJ) [ b ],,[ 103 ]
Ajay Devgn,2014,Vitti Dandu,No,Yes,No,—,Marathi film,[ 104 ]
Ajay Devgn,2015,Hey Bro,Yes,No,No,Himself,Special appearance,[ 105 ]
Ajay Devgn,2015,Drishyam,Yes,No,No,Vijay Salgaonkar,,[ 106 ]
Ajay Devgn,2016,Fitoor,Yes,No,No,Moazam,Cameo appearance,[ 107 ] [ 108 ]
Ajay Devgn,2016,Shivaay,Yes,Yes,Yes,Shivaay,,[ 109 ]
Ajay Devgn,2017,Guest in London,Yes,No,No,Ajay Gandotra,Cameo appearance,[ 110 ]
Ajay Devgn,2017,Baadshaho,Yes,No,No,Bhavani Singh,,[ 111 ]
Ajay Devgn,2017,Poster Boys,Yes,No,No,Himself,Guest appearance,[ 112 ]
Ajay Devgn,2017,Golmaal Again,Yes,No,No,Gopal Kumar Santoshi,,[ 113 ]
Ajay Devgn,2018,Aapla Manus,Yes,Yes,No,Himself,Guest appearance,[ 114 ]
Ajay Devgn,2018,Raid,Yes,No,No,Amay Patnaik,,[ 115 ]
Ajay Devgn,2018,Helicopter Eela,No,Yes,No,—,,[ 116 ]
Ajay Devgn,2018,Simmba,Yes,No,No,DCP Bajirao Singham,Cameo appearance,[ 117 ] [ 118 ]
Ajay Devgn,2019,Total Dhamaal,Yes,Yes,No,Guddu Rastogi,,[ 119 ] [ 120 ] [ 121 ]
Ajay Devgn,2019,De De Pyaar De,Yes,No,No,Ashish Mehra,,[ 122 ]
Ajay Devgn,2020,Tanhaji,Yes,Yes,No,Tanaji Malusare,100th film [ c ] [ 123 ],[ 124 ] [ 125 ]
Ajay Devgn,2020,Chhalaang,No,Yes,No,—,,[ 126 ]
Ajay Devgn,2021,Tribhanga,No,Yes,No,—,,[ 127 ]
Ajay Devgn,2021,The Big Bull,No,Yes,No,—,,[ 128 ]
Ajay Devgn,2021,Bhuj: The Pride of India,Yes,Yes,No,Squadron Leader Vijay Karnik,,[ 129 ]
Ajay Devgn,2021,Sooryavanshi,Yes,No,No,DCP Bajirao Singham,Cameo appearance,[ 130 ] [ 131 ]
Ajay Devgn,2021,Velle,Yes,Yes,No,Himself,Special appearance,
Ajay Devgn,2022,Gangubai Kathiawadi,Yes,No,No,Rahim Lala,Cameo appearance,[ 132 ]
Ajay Devgn,2022,RRR,Yes,No,No,Alluri Venkatarama Raju,Telugu film ; Special appearance,[ 133 ] [ 134 ]
Ajay Devgn,2022,Runway 34,Yes,Yes,Yes,Lieutenant Flight Captain Vikrant Khanna,,[ 135 ] [ 136 ]
Ajay Devgn,2022,Thank God,Yes,No,No,"Chitragupt ""CG""",,[ 137 ] [ 138 ]
Ajay Devgn,2022,Drishyam 2,Yes,No,No,Vijay Salgaonkar,,[ 139 ]
Ajay Devgn,2023,Bholaa,Yes,Yes,Yes,Bholaa,,[ 140 ]
Ajay Devgn,2024,Article 370,Yes,No,No,Narrator,,[ 141 ]
Ajay Devgn,2024,Shaitaan,Yes,Yes,No,Kabir Rishi,,[ 142 ]
Ajay Devgn,2024,Maidaan,Yes,No,No,Syed Abdul Rahim,,[ 143 ]
Ajay Devgn,2024,Auron Mein Kahan Dum Tha,Yes,No,No,Krishna,,[ 144 ]
Ajay Devgn,2024,Singham Again,Yes,Yes,No,DCP Bajirao Singham,,[ 145 ]
Ajay Devgn,2024,Naam,Yes,No,No,Shekhar / Michael & Amar Kumar [ b ],"Delayed release, Filmed in 2004",[ 146 ]
Ajay Devgn,2025,Azaad,Yes,No,No,Vikram Singh,Extended Cameo,
Ajay Devgn,2025,Chhaava,Yes,No,No,Narrator,,
Ajay Devgn,2025,Raid 2,Yes,No,No,Amay Patnaik,,[ 147 ]
Ajay Devgn,2025,Maa,No,Yes,No,—,Producer only,[ 148 ]
Ajay Devgn,2025,Son of Sardaar 2,Yes,Yes,No,Jaswinder Singh Randhawa (Jassi),,[ 149 ]
Ajay Devgn,2025,De De Pyaar De 2,Yes,No,No,"Ashish ""Ashu"" Mehra",,[ 150 ]
Ajay Devgn,2026,Shatak: Sangh Ke 100 Varsh,Yes,No,No,Narrator,,[ 151 ]
Ajay Devgn,2026,Dhamaal 4 †,Yes,Yes,No,TBA,Post-production,[ 152 ]
Ajay Devgn,2026,Drishyam 3 †,Yes,No,No,Vijay Salgaonkar,Filming,[ 153 ]
Ajay Devgn,2026,Ranger †,Yes,No,No,TBA,Filming,[ 154 ]
Ajay Devgn,TBA,Golmaal 5 †,Yes,No,No,Gopal Kumar Santoshi,Filming,[ 155 ]
Saif Ali Khan,1993,Parampara,Pratab Prithvi Singh,,[ 11 ],,,
Saif Ali Khan,1993,Aashik Awara,Jai (Jimmy aka Rakesh Rajpal) [ a ],Won— Filmfare Award for Best Male Debut,[ 12 ] [ 2 ],,,
Saif Ali Khan,1993,Pehla Nasha,Himself,Special appearance,[ 13 ],,,
Saif Ali Khan,1993,Pehchaan,Karan Verma,,[ 14 ],,,
Saif Ali Khan,1994,Imtihaan,Vicky,,[ 15 ],,,
Saif Ali Khan,1994,Yeh Dillagi,"Vikram ""Vicky"" Saigal [ b ]",,[ 16 ],,,
Saif Ali Khan,1994,Main Khiladi Tu Anari,Deepak Kumar,Nominated— Filmfare Award for Best Supporting Actor,[ 2 ] [ 17 ],,,
Saif Ali Khan,1994,Yaar Gaddar,Jai Verma,,[ 18 ],,,
Saif Ali Khan,1994,Aao Pyaar Karen,Raja,,[ 19 ],,,
Saif Ali Khan,1995,Surakshaa,Amar / Prince Vijay [ a ],,[ 20 ],,,
Saif Ali Khan,1996,Ek Tha Raja,Sunny Dogra,,[ 21 ],,,
Saif Ali Khan,1996,Bambai Ka Babu,"Vikram ""Vicky"" [ b ]",,[ 22 ],,,
Saif Ali Khan,1996,Tu Chor Main Sipahi,Raja,,[ 23 ],,,
Saif Ali Khan,1996,Dil Tera Diwana,Ravi Kumar,,[ 24 ],,,
Saif Ali Khan,1997,Hameshaa,Raja & Raju [ c ],,[ 28 ],,,
Saif Ali Khan,1997,Udaan,Raja,,[ 29 ],,,
Saif Ali Khan,1998,Keemat – They Are Back,Ajay,,[ 30 ],,,
Saif Ali Khan,1998,Humse Badhkar Kaun,Sunny,,[ 31 ],,,
Saif Ali Khan,1999,Yeh Hai Mumbai Meri Jaan,Raju Tarachand,,[ 32 ],,,
Saif Ali Khan,1999,Kachche Dhaage,"Dhananjay ""Jai"" Pandit [ b ]",Nominated—Filmfare Award for Best Supporting Actor,[ 2 ] [ 33 ],,,
Saif Ali Khan,1999,Aarzoo,Amar,,,,,
Saif Ali Khan,1999,Biwi No.1,Deepak Sharma,,[ 34 ],,,
Saif Ali Khan,1999,Hum Saath-Saath Hain,Vinod Chaturvedi,,[ 35 ],,,
Saif Ali Khan,2000,Kya Kehna,Rahul Modi,,[ 36 ],,,
Saif Ali Khan,2001,Love Ke Liye Kuch Bhi Karega,Prakash Singh,,[ 37 ],,,
Saif Ali Khan,2001,Dil Chahta Hai,Sameer Mulchandni,Won— Filmfare Award for Best Performance in a Comic Role,[ 2 ] [ 38 ],,,
Saif Ali Khan,2001,Rehna Hai Tere Dil Mein,"Rajiv ""Sam"" Saamra [ b ]",,[ 39 ],,,
Saif Ali Khan,2002,Na Tum Jaano Na Hum,Akshay Kapoor,,[ 40 ],,,
Saif Ali Khan,2003,Darna Mana Hai,Anil Manchandani,Story segment: No Smoking,[ 41 ],,,
Saif Ali Khan,2003,Kal Ho Naa Ho,Rohit Patel,Won— Filmfare Award for Best Supporting Actor,[ 2 ] [ 42 ],,,
Saif Ali Khan,2003,LOC Kargil,Captain Anuj Nayyar,,[ 43 ],,,
Saif Ali Khan,2004,Ek Hasina Thi,Karan Singh Rathod,,[ 44 ],,,
Saif Ali Khan,2004,Hum Tum,Karan Kapoor,Won— National Film Award for Best Actor Won—Filmfare Award for Best Performance in a Comic Role,[ 2 ] [ 45 ],,,
Saif Ali Khan,2005,Parineeta,Shekhar Rai,Nominated— Filmfare Award for Best Actor,[ 2 ] [ 46 ],,,
Saif Ali Khan,2005,Salaam Namaste,"Nikhil ""Nick"" Arora [ b ]",,[ 47 ],,,
Saif Ali Khan,2006,Being Cyrus,Cyrus Mistry,English film,[ 48 ],,,
Saif Ali Khan,2006,Omkara,"Ishwar ""Langda"" Tyagi",Won— Filmfare Award for Best Performance in a Negative Role,[ 2 ] [ 49 ],,,
Saif Ali Khan,2007,Eklavya: The Royal Guard,Harshvardhan Rana,,[ 50 ],,,
Saif Ali Khan,2007,Nehlle Pe Dehlla,Jimmy,,[ 51 ],,,
Saif Ali Khan,2007,Ta Ra Rum Pum,Rajveer Singh,,[ 52 ],,,
Saif Ali Khan,2007,Om Shanti Om,Himself,"Special appearance in the song ""Deewangi Deewangi""",[ 53 ],,,
Saif Ali Khan,2008,Race,"Ranvir ""Ronnie"" Singh [ b ]",,[ 54 ],,,
Saif Ali Khan,2008,Tashan,Jimmy Cliff / Jeetendra Kumar Makhwana,,[ 55 ],,,
Saif Ali Khan,2008,Thoda Pyaar Thoda Magic,Ranbir Talwar,,[ 56 ],,,
Saif Ali Khan,2008,Roadside Romeo,Romeo (voice),Animated feature film,[ 57 ],,,
Saif Ali Khan,2009,Sanam Teri Kasam,Vijay Verma,,[ 58 ],,,
Saif Ali Khan,2009,Love Aaj Kal,Jai Vardhan Singh/Young Veer Singh [ c ],Also producer,[ 2 ] [ 59 ],,,
Saif Ali Khan,2009,Love Aaj Kal,Jai Vardhan Singh/Young Veer Singh [ c ],Nominated—Filmfare Award for Best Actor Nominated— Filmfare Award for Best Film,[ 2 ] [ 59 ],,,
Saif Ali Khan,2009,Kurbaan,Ehsaan Khan  (Khalid) [ a ],,[ 60 ],,,
Saif Ali Khan,2011,Aarakshan,Deepak Kumar,,[ 61 ],,,
Saif Ali Khan,2012,Agent Vinod,Agent Vinod,Also producer,[ 62 ],,,
Saif Ali Khan,2012,Cocktail,"Gautam ""Gutlu"" Kapoor [ b ]",Also producer,[ 63 ],,,
Saif Ali Khan,2013,Race 2,"Ranvir ""Ronnie"" Singh [ b ]",,[ 64 ],,,
Saif Ali Khan,2013,Bombay Talkies,Himself,"Special appearance in the song "" Apna Bombay Talkies """,[ 65 ],,,
Saif Ali Khan,2013,Go Goa Gone,Boris,Also producer,[ 66 ],,,
Saif Ali Khan,2013,Bullett Raja,Raja Mishra,,[ 67 ],,,
Saif Ali Khan,2014,Humshakals,Ashok Singhania /  Ashok 2  / Chinku / Dr. Khan's assistant 1 [ d ],,[ 68 ],,,
Saif Ali Khan,2014,Lekar Hum Deewana Dil,–,Producer,[ 69 ],,,
Saif Ali Khan,2014,Happy Ending,Yudi Jaitely & Yogi [ c ],Also producer,[ 70 ],,,
Saif Ali Khan,2015,Dolly Ki Doli,Prince Kunwar Aditya Singh,Cameo appearance,[ 71 ],,,
Saif Ali Khan,2015,Phantom,Daniyal Khan,,[ 72 ],,,
Saif Ali Khan,2017,Rangoon,"Rustom ""Rusi"" Billimoria [ b ]",,[ 73 ],,,
Saif Ali Khan,2017,Chef,Roshan Kalra,,[ 74 ],,,
Saif Ali Khan,2018,Kaalakaandi,Rileen,,[ 75 ],,,
Saif Ali Khan,2018,Baazaar,Shakun Kothari,,[ 76 ],,,
Saif Ali Khan,2019,Laal Kaptaan,Gossain,,[ 77 ],,,
Saif Ali Khan,2020,Tanhaji,Udaybhan Singh Rathod,Won— Filmfare Award for Best Supporting Actor,[ 78 ],,,
Saif Ali Khan,2020,Jawaani Jaaneman,"Jaswinder ""Jazz"" Singh [ b ]",Also producer,[ 79 ],,,
Saif Ali Khan,2020,Dil Bechara,Abhimanyu Veer,Cameo appearance,[ 80 ],,,
Saif Ali Khan,2021,Bhoot Police,"Vibhooti ""Vibhu"" Vaidya",,[ 81 ],,,
Saif Ali Khan,2021,Bunty Aur Babli 2,"Rakesh ""Bunty Sr."" Trivedi/Bobby Bhullar [ a ]",,[ 82 ],,,
Saif Ali Khan,2022,Vikram Vedha,Vikram,,[ 83 ],,,
Saif Ali Khan,2023,Adipurush,Lankesh,Hindi- Telugu bilingual film,[ 84 ],,,
Saif Ali Khan,2024,Devara: Part 1,"Bhairava ""Bhaira""",Telugu film,[ 85 ],,,
Saif Ali Khan,2025,Jewel Thief,Rehan Roy,,[ 86 ],,,
Saif Ali Khan,2026,Kartavya,Pawan Malik,Netflix film,[ 87 ],,,
Saif Ali Khan,2026,Haiwaan †,TBA,Completed,[ 88 ] [ 89 ],,,
Sidharth Malhotra,2012,Student of the Year,,,,,,
Sidharth Malhotra,2014,Hasee Toh Phasee,,,,,,
Sidharth Malhotra,2014,Ek Villain,,,,,,
Sidharth Malhotra,2015,Brothers,,,,,,
Sidharth Malhotra,2016,Kapoor & Sons,,,,,,
Sidharth Malhotra,2016,Baar Baar Dekho,,,,,,
Sidharth Malhotra,2017,A Gentleman,,,,,,
Sidharth Malhotra,2017,Ittefaq,,,,,,
Sidharth Malhotra,2018,Aiyaary,,,,,,
Sidharth Malhotra,2019,Jabariya Jodi,,,,,,
Sidharth Malhotra,2019,Marjaavaan,,,,,,
Sidharth Malhotra,2021,Shershaah,,,,,,
Sidharth Malhotra,2022,Thank God,,,,,,
Sidharth Malhotra,2023,Mission Majnu,,,,,,
Sidharth Malhotra,2024,Yodha,,,,,,
Sidharth Malhotra,2025,Param Sundari †,,,,,,
Sidharth Malhotra,2026,Vvan: Force of the Forrest †,,,,,,
Neetu Singh,1966,Suraj,Geeta,Credited as Baby Sonia,[ 17 ],,,
Neetu Singh,1966,Dus Lakh,Roopa,Credited as Baby Sonia,[ 18 ],,,
Neetu Singh,1968,Do Kaliyan,Ganga and Jamuna,Dual role; credited as Baby Sonia,[ 18 ],,,
Neetu Singh,1968,Do Dooni Chaar,Ban Devi,Credited as Baby Sonia,,,,
Neetu Singh,1969,Waris,Munni,Credited as Baby Sonia,,,,
Neetu Singh,1970,Pavitra Papi,Vidya,Credited as Baby Sonia,,,,
Neetu Singh,1970,Ghar Ghar Ki Kahani,Roopa,Credited as Baby Sonia,,,,
Neetu Singh,1973,Rickshawala,Kiran,,[ 18 ],,,
Neetu Singh,1973,Yaadon Ki Baaraat,Dancer,Special appearance,[ 19 ],,,
Neetu Singh,1974,Shatranj Ke Mohre,,,,,,
Neetu Singh,1974,Aashiana,,Supporting role,,,,
Neetu Singh,1974,Hawas,Neetu,,,,,
Neetu Singh,1974,Zehreela Insaan,Margaret,,,,,
Neetu Singh,1975,Andolan,,,,,,
Neetu Singh,1975,Deewaar,Veera Narang,,,,,
Neetu Singh,1975,Khel Khel Mein,Nisha,,[ 18 ],,,
Neetu Singh,1975,Rani Aur Lalpari,Cinderella,Special appearance,,,,
Neetu Singh,1975,Rafoo Chakkar,Ritu,,[ 18 ],,,
Neetu Singh,1975,Zinda Dil,Jyoti Chand,,,,,
Neetu Singh,1975,Sewak,Rasiya,,,,,
Neetu Singh,1976,Maha Chor,Neetu,,,,,
Neetu Singh,1976,Kabhi Kabhie,Pinky Kapoor,,[ 18 ],,,
Neetu Singh,1976,Sharafat Chhod Di Main Ne,Radha,,,,,
Neetu Singh,1976,Shankar Dada,Roopa Verma,,,,,
Neetu Singh,1976,Sawa Lakh Se Ek Ladaun,Qawalan,Punjabi film; special appearance,,,,
Neetu Singh,1976,Dharti Mata,,Gujarati film; special appearance,,,,
Neetu Singh,1977,Adalat,Geeta Verma,,[ 18 ],,,
Neetu Singh,1977,Ab Kya Hoga,Chitralekha,,,,,
Neetu Singh,1977,Amar Akbar Anthony,Dr. Salma Ali,,[ 18 ],,,
Neetu Singh,1977,Dharam Veer,Roopa,,[ 18 ],,,
Neetu Singh,1977,Maha Badmaash,Seema Nathani and Pinky Nathani,Dual role,,,,
Neetu Singh,1977,Priyatama,Dolly Sinha,,[ 18 ],,,
Neetu Singh,1977,Doosara Aadmi,Timsy Karan Saxena,,[ 18 ],,,
Neetu Singh,1977,Parvarish,Neetu Amit Singh,,[ 18 ],,,
Neetu Singh,1977,Zahreelee,Rekha,,,,,
Neetu Singh,1978,Kasme Vaade,Neeta,,[ 18 ],,,
Neetu Singh,1978,Anjane Mein,Rani,,,,,
Neetu Singh,1978,Pati Patni Aur Patni,"Singer in ""Tere Naam Tere Naam""",Cameo,,,,
Neetu Singh,1978,Chakravyuha,Chhaya,,[ 18 ],,,
Neetu Singh,1978,Heeralaal Pannalaal,Neelam,,,,,
Neetu Singh,1979,Bhala Maanus,Meena,,,,,
Neetu Singh,1979,Aatish,Shanno,,,,,
Neetu Singh,1979,Jhoota Kahin Ka,Sheetal Khanna,,[ 18 ],,,
Neetu Singh,1979,The Great Gambler,Mala,,[ 18 ],,,
Neetu Singh,1979,Dhongee,Neelima Kapoor,,,,,
Neetu Singh,1979,Jaani Dushman,Gauri,,,,,
Neetu Singh,1979,Yuvraaj,Rajkumari Pallavi,,[ 18 ],,,
Neetu Singh,1979,Duniya Meri Jeb Mein,Neeta,,,,,
Neetu Singh,1979,Kaala Patthar,Channo,,[ 18 ],,,
Neetu Singh,1980,Kala Pani,Geeta,,,,,
Neetu Singh,1980,Dhan Daulat,Shanti,,[ 18 ],,,
Neetu Singh,1980,Chunaoti,Roshni,,,,,
Neetu Singh,1980,The Burning Train,Madhu,,,,,
Neetu Singh,1980,Choron Ki Baaraat,Anju,,,,,
Neetu Singh,1981,Waqt Ki Deewar,Soni,,,,,
Neetu Singh,1981,Khoon Ka Rishta,Sonia,,,,,
Neetu Singh,1981,Yaarana,Komal,,[ 18 ],,,
Neetu Singh,1981,Ek Aur Ek Gyarah,Rekha,,,,,
Neetu Singh,1982,Chorni,Deepa,,,,,
Neetu Singh,1982,Teesri Ankh,Nisha,,,,,
Neetu Singh,1982,Raaj Mahal,Rajkumari Ratna Singh,,,,,
Neetu Singh,1983,Ganga Meri Maa,Neetu,,,,,
Neetu Singh,1983,Jaane Jaan,Meena,,,,,
Neetu Singh,2009,Love Aaj Kal,Harleen Veer Singh Panesar,Cameo,,,,
Neetu Singh,2010,Do Dooni Chaar,Kusum Santosh Duggal,,,,,
Neetu Singh,2012,Jab Tak Hai Jaan,Pooja,Special appearance,,,,
Neetu Singh,2013,Besharam,Head Constable Bulbul,,,,,
Neetu Singh,2022,Jugjugg Jeeyo,Geeta Bheem Saini,,[ 20 ],,,
Neetu Singh,2026,Daadi Ki Shaadi,Vimla Ahuja,,[ 21 ],,,
Rishi Kapoor,1955,Shree 420,Himself,"Child artist; Guest appearance in the song ""Pyar Hua Iqrar Hua""",[ 5 ],,,
Rishi Kapoor,1970,Mera Naam Joker,Young Raju,Child artist,[ 6 ],,,
Rishi Kapoor,1973,Bobby,"Raj Nath ""Raja""",,[ 7 ],,,
Rishi Kapoor,1974,Zehreela Insaan,Arjun Singh,,[ 8 ],,,
Rishi Kapoor,1975,Khel Khel Mein,Ajay Anand,,[ 9 ],,,
Rishi Kapoor,1975,Rafoo Chakkar,Dev,,[ 10 ],,,
Rishi Kapoor,1975,Zinda Dil,Arun Sharma,,[ 11 ],,,
Rishi Kapoor,1975,Raaja,Raaja / Inspector Ram [ a ],Double Role,,,,
Rishi Kapoor,1976,Kabhie Kabhie,"Vikram Khanna ""Vicky""",,[ 12 ],,,
Rishi Kapoor,1976,Laila Majnu,Qais Al-Amri / Majnu,,[ 13 ],,,
Rishi Kapoor,1976,Rangila Ratan,Ratan / Kishan / Gopal,,,,,
Rishi Kapoor,1976,Ginny Aur Johnny,Himself,Guest appearance,,,,
Rishi Kapoor,1976,Barood,Anup D. Saxena (Pappu),,,,,
Rishi Kapoor,1977,Amar Akbar Anthony,Akbar Illhabadi,,[ 5 ],,,
Rishi Kapoor,1977,Hum Kisise Kum Naheen,Rajesh,,,,,
Rishi Kapoor,1977,Doosra Aadmi,Karan Saxena,,,,,
Rishi Kapoor,1977,Chala Murari Hero Banne,Himself,Guest appearance,[ 14 ],,,
Rishi Kapoor,1978,Naya Daur,Mahesh Chopra,,,,,
Rishi Kapoor,1978,Badaltey Rishtey,Manohar Dhani,,,,,
Rishi Kapoor,1978,Anjane Mein,Raja,,,,,
Rishi Kapoor,1978,Pati Patni Aur Woh,Singer,"Guest appearance in the song ""Tere Naam Tere Naam - Dil Karta Hai Ke Dil...""",,,,
Rishi Kapoor,1978,Phool Khile Hain Gulshan Gulshan,Vishal Rai,,,,,
Rishi Kapoor,1979,Sargam,Raju,,,,,
Rishi Kapoor,1979,Jhoota Kahin Ka,Ajay Rai,,,,,
Rishi Kapoor,1979,Duniya Meri Jeb Mein,Vishal Khanna,,,,,
Rishi Kapoor,1979,Salaam Memsaab,Ramesh,Cameo appearance,,,,
Rishi Kapoor,1980,Do Premee,Chetan Prakash,,,,,
Rishi Kapoor,1980,Dhan Daulat,Lucky R. Saxena,,,,,
Rishi Kapoor,1980,Aap Ke Deewane,Ram,,,,,
Rishi Kapoor,1980,Karz,Monty Oberoi,,[ 15 ],,,
Rishi Kapoor,1980,Gunahgaar,Amar,,,,,
Rishi Kapoor,1980,Ek Do Teen Chaar,,,,,,
Rishi Kapoor,1981,Naseeb,Sunny,,[ 16 ],,,
Rishi Kapoor,1981,Biwi-O-Biwi,Singer In Hotel,Guest appearance,,,,
Rishi Kapoor,1982,Yeh Vaada Raha,Vikram Rai Bahadur,,,,,
Rishi Kapoor,1982,Katilon Ke Kaatil,Ashok / Munna,,[ 17 ],,,
Rishi Kapoor,1982,Zamaane Ko Dikhana Hai,Ravi Nanda,,,,,
Rishi Kapoor,1982,Prem Rog,Devdhar (Dev),,[ 18 ],,,
Rishi Kapoor,1982,Deedar-E-Yaar,Javed Sayeed Ali Khan,,[ 19 ],,,
Rishi Kapoor,1983,Bade Dilwala,Amrit Kumar Saxena / Vijay Kumar Gupta,,,,,
Rishi Kapoor,1983,Coolie,"Sunny ""Tinguji""",,[ 20 ],,,
Rishi Kapoor,1983,Naukar Biwi Ka,Himself,Guest appearance,,,,
Rishi Kapoor,1984,Aan Aur Shaan,Vijay Singh,,,,,
Rishi Kapoor,1984,Duniya,Ravi Kumar,,,,,
Rishi Kapoor,1984,Yeh Ishq Nahin Aasaan,Salim Ahmed Salim,,,,,
Rishi Kapoor,1985,Zamana,Ravi S. Kumar,,,,,
Rishi Kapoor,1985,Tawaif,Dawood Mohammed Ali Khan Yusuf Zahir,,,,,
Rishi Kapoor,1985,Rahi Badal Gaye,Amar Lal / Pawan Kumar Saxena [ a ],,,,,
Rishi Kapoor,1985,Sitamgar,Jai Kumar,,,,,
Rishi Kapoor,1985,Saagar,Ravi,,[ 21 ],,,
Rishi Kapoor,1985,Ram Tere Kitne Nam,Himself,Guest appearance,,,,
Rishi Kapoor,1986,Pahunche Huwey Log,Himself,Guest Appearance,,,,
Rishi Kapoor,1986,Allah Rakha,Himself,Guest appearance,,,,
Rishi Kapoor,1986,Ek Chadar Maili Si,Mangal,,,,,
Rishi Kapoor,1986,Dosti Dushmani,Prakash,,,,,
Rishi Kapoor,1986,Nagina,Rajiv,,,,,
Rishi Kapoor,1986,Naseeb Apna Apna,Kishan Singh,,,,,
Rishi Kapoor,1987,Pyar Ke Kabil,Amar Kapoor,,,,,
Rishi Kapoor,1987,Hawalaat,Shyam,,,,,
Rishi Kapoor,1987,Khudgarz,Singing Tramp,Guest appearance,,,,
Rishi Kapoor,1987,Khazana,Singer,Guest appearance,,,,
Rishi Kapoor,1987,Sindoor,Kumar,Cameo appearance,,,,
Rishi Kapoor,1987,Raj Kapoor,Himself,Documentary,,,,
Rishi Kapoor,1988,Ghar Ghar Ki Kahani,Ram,,,,,
Rishi Kapoor,1988,Vijay,Vikram Bhardwaj,,,,,
Rishi Kapoor,1988,Janam Janam,Sunil / Vinay [ a ],,,,,
Rishi Kapoor,1988,Hamara Khandaan,Vishal,,,,,
Rishi Kapoor,1988,Akarshan,Himself,Guest appearance,,,,
Rishi Kapoor,1989,Bade Ghar Ki Beti,Gopal,,,,,
Rishi Kapoor,1989,Paraya Ghar,Arun,,,,,
Rishi Kapoor,1989,Khoj,Ravi Kapoor,,,,,
Rishi Kapoor,1989,Chandni,Rohit Gupta,,[ 22 ],,,
Rishi Kapoor,1989,Naqab,Imran,,,,,
Rishi Kapoor,1989,Hathyar,Samiullah Khan,,[ 23 ],,,
Rishi Kapoor,1989,Gharana,Vijay Mehra,,,,,
Rishi Kapoor,1989,Nigahen,Rajiv,Cameo appearance,,,,
Rishi Kapoor,1989,Apna Ghar,N/A,,,,,
Rishi Kapoor,1990,Amiri Garibi,Deepak Bhardwaj,,,,,
Rishi Kapoor,1990,Azaad Desh Ke Gulam,Vijay Shrivastav,,,,,
Rishi Kapoor,1990,Sher Dil,Sanjay Saxena,,,,,
Rishi Kapoor,1990,Sheshnaag,Bhola,,,,,
Rishi Kapoor,1991,Ajooba,Hassan,,,,,
Rishi Kapoor,1991,Henna,Chandar Prakash,,,,,
Rishi Kapoor,1991,Ranbhoomi,Bhola,,,,,
Rishi Kapoor,1991,Banjaran,Kumar Singh Sesodia / Suraj [ a ],,,,,
Rishi Kapoor,1991,Ghar Parivar,Birju,,,,,
Rishi Kapoor,1992,Kasak,Vijay,,[ 24 ],,,
Rishi Kapoor,1992,Inteha Pyar Ki,Rohit Shankar Walia,,,,,
Rishi Kapoor,1992,Deewana,Ravi,,,,,
Rishi Kapoor,1992,Bol Radha Bol,Kishan Malhotra / Tony [ a ],Double Role,[ 25 ],,,
Rishi Kapoor,1992,Honeymoon,Suraj Verma,,,,,
Rishi Kapoor,1992,Rishta To Ho Aisa,Vijay,,,,,
Rishi Kapoor,1993,Shreemaan Aashique,Dushant Kumar Mehra,,,,,
Rishi Kapoor,1993,Damini,Shekhar Gupta,,[ 26 ],,,
Rishi Kapoor,1993,Izzat Ki Roti,Krishna,,,,,
Rishi Kapoor,1993,Dhartiputra,Shiva,Cameo appearance,,,,
Rishi Kapoor,1993,Anmol,Prem,,[ 27 ],,,
Rishi Kapoor,1993,Gurudev,Inspector Dev Kumar,,,,,
Rishi Kapoor,1993,Sahibaan,Gopi,,,,,
Rishi Kapoor,1993,Sadhna,Karan,,,,,
Rishi Kapoor,1994,Saajan Ka Ghar,Amar Khanna,,,,,
Rishi Kapoor,1994,Pehla Pehla Pyar,Raj,,[ 28 ],,,
Rishi Kapoor,1994,Mohabbat Ki Arzoo,Raja,,[ 29 ],,,
Rishi Kapoor,1994,Eena Meena Deeka,"Indar ""Eena""",,[ 30 ],,,
Rishi Kapoor,1994,Prem Yog,Yuvraaj,,[ 31 ],,,
Rishi Kapoor,1994,Ghar Ki Izzat,Mohan Kumar,,,,,
Rishi Kapoor,1995,Saajan Ki Baahon Mein,Sagar,,,,,
Rishi Kapoor,1995,Hum Dono,Rajesh,,,,,
Rishi Kapoor,1995,Yaraana,Raj,,,,,
Rishi Kapoor,1996,Prem Granth,Somen,,,,,
Rishi Kapoor,1996,Daraar,Raj Malhotra,,[ 32 ],,,
Rishi Kapoor,1997,Kaun Sachcha Kaun Jhootha,CBI Officer Karan,,[ 33 ],,,
Rishi Kapoor,1999,Jai Hind,Gulroz,,[ 34 ],,,
Rishi Kapoor,2000,Karobaar,Amar Saxena / Rohit Sinha [ a ],,[ 35 ],,,
Rishi Kapoor,2000,Raju Chacha,Siddhant Rai,,[ 36 ],,,
Rishi Kapoor,2001,Kuch Khatti Kuch Meethi,Raj Khanna,,[ 37 ],,,
Rishi Kapoor,2002,Yeh Hai Jalwa,Rajesh Mittal,,[ 38 ],,,
Rishi Kapoor,2003,Kucch To Hai,Bakshi,,[ 39 ],,,
Rishi Kapoor,2003,Love at Times Square,Satellite Channel CEO,Cameo appearance,[ 40 ],,,
Rishi Kapoor,2003,Tehzeeb,Anwar Jamaal,,[ 41 ],,,
Rishi Kapoor,2004,Hum Tum,Arjun Kapoor,,[ 42 ],,,
Rishi Kapoor,2005,Pyaar Mein Twist,Yash Khurana,,[ 43 ],,,
Rishi Kapoor,2006,Fanaa,Zulfikar Ali Beg,,[ 44 ],,,
Rishi Kapoor,2006,Love Ke Chakkar Mein,Armaan Kochar,,[ 45 ],,,
Rishi Kapoor,2007,Namastey London,Manmohan,,[ 46 ],,,
Rishi Kapoor,2007,Don't Stop Dreaming,Groovy,English film,[ 47 ] [ 48 ],,,
Rishi Kapoor,2007,Om Shanti Om,Himself,Guest appearance,[ 49 ],,,
Rishi Kapoor,2007,Sambar Salsa,Om Suri,English film,[ 50 ],,,
Rishi Kapoor,2008,Thoda Pyaar Thoda Magic,God,Cameo appearance,[ 51 ],,,
Rishi Kapoor,2008,Halla Bol,Himself,Guest appearance,[ 52 ],,,
Rishi Kapoor,2009,Luck by Chance,Romi Rolly,,[ 53 ],,,
Rishi Kapoor,2009,Delhi-6,Ali Beg,,[ 54 ],,,
Rishi Kapoor,2009,Kal Kissne Dekha,Siddharth Verma,,[ 55 ],,,
Rishi Kapoor,2009,Love Aaj Kal,Veer Singh Panesar,,[ 56 ],,,
Rishi Kapoor,2009,Chintu Ji,Chintuji,,[ 57 ],,,
Rishi Kapoor,2010,Sadiyaan,Rajveer Singh,,[ 58 ],,,
Rishi Kapoor,2010,Do Dooni Chaar,Santosh Duggal,,[ 59 ],,,
Rishi Kapoor,2011,Patiala House,Gurtej Singh Kahlon,,[ 60 ],,,
Rishi Kapoor,2011,Tell Me O Kkhuda,Altaf Zardari,,[ 61 ],,,
Rishi Kapoor,2012,Agneepath,Rauf Lala,,[ 62 ],,,
Rishi Kapoor,2012,Housefull 2,Chintu Kapoor,,[ 63 ],,,
Rishi Kapoor,2012,Student of the Year,Yoginder Vashisht,,[ 64 ],,,
Rishi Kapoor,2012,Jab Tak Hai Jaan,Imraan Sharqazi,Special appearance,[ 65 ],,,
Rishi Kapoor,2013,Chashme Buddoor,Joseph Furtado,,[ 66 ],,,
Rishi Kapoor,2013,Aurangzeb,DCP Ravikant Phogat,,[ 67 ],,,
Rishi Kapoor,2013,D-Day,Iqbal Seth,,[ 68 ],,,
Rishi Kapoor,2013,Shuddh Desi Romance,Goyal,,[ 69 ],,,
Rishi Kapoor,2013,Besharam,Chulbul Chautala,,[ 70 ],,,
Rishi Kapoor,2014,Bewakoofiyaan,V. K. Sehgal,,[ 71 ],,,
Rishi Kapoor,2014,Kaanchi: The Unbreakable,Jumar B. Kakda,,[ 72 ],,,
Rishi Kapoor,2015,All Is Well,Bhajanlal Bhalla,,[ 73 ],,,
Rishi Kapoor,2015,Wedding Pullav,Luv Kapoor,Cameo appearance,[ 74 ],,,
Rishi Kapoor,2016,Chalk N Duster,Host Of The Quiz Contest,Cameo appearance,,,,
Rishi Kapoor,2016,Sanam Re,Daddu,,[ 75 ],,,
Rishi Kapoor,2016,Kapoor & Sons,Amarjeet Kapoor,,[ 76 ],,,
Rishi Kapoor,2017,Patel Ki Punjabi Shaadi,Guggi Tandon,,[ 77 ],,,
Rishi Kapoor,2018,102 Not Out,Babulal Vakharia,,[ 78 ],,,
Rishi Kapoor,2018,Manto,Producer,,,,,
Rishi Kapoor,2018,Mulk,Murad Ali Mohammed,,[ 79 ],,,
Rishi Kapoor,2018,Rajma Chawal,Raj Mathur,,[ 80 ],,,
Rishi Kapoor,2019,Jhootha Kahin Ka,Yograj Singh,,[ 81 ],,,
Rishi Kapoor,2019,The Body,SP Jairaj Rawal,,[ 82 ],,,
Rishi Kapoor,2022,Sharmaji Namkeen,"Brij Gopal Sharma ""Sharmaji""",Posthumous release,[ 83 ],,,
Saira Banu,1961,Junglee,Rajkumari,,,,,
Saira Banu,1962,Shaadi,Gauri,,,,,
Saira Banu,1963,Bluffmaster,Seema,,,,,
Saira Banu,1964,Ayee Milan Ki Bela,Barkha,,,,,
Saira Banu,1964,April Fool,Rita Christiana,,,,,
Saira Banu,1964,Aao Pyaar Karen,Shalini,,,,,
Saira Banu,1964,Door Ki Awaz,Bela / Jyoti,,,,,
Saira Banu,1966,Saaz Aur Awaaz,Geeta,,,,,
Saira Banu,1966,Yeh Zindagi Kitni Haseen Hai,Princess Sarita / Sarita,Double Role,,,,
Saira Banu,1966,Pyar Mohabbat,Rita Singh,,,,,
Saira Banu,1967,Shagird,Poonam,,,,,
Saira Banu,1967,Aman,Meloda,,,,,
Saira Banu,1968,Padosan,Bindu,,,,,
Saira Banu,1968,Jhuk Gaya Aasmaan,Priya Khanna,,,,,
Saira Banu,1968,Diwana,Kamini Gupta,,,,,
Saira Banu,1969,Aadmi Aur Insaan,Meena Khanna,,,,,
Saira Banu,1970,Gopi,Seema,,,,,
Saira Banu,1970,Purab Aur Paschim,Preeti,,,,,
Saira Banu,1970,Sagina Mahato,Lalita,Bengali Film,,,,
Saira Banu,1971,Balidaan,Sheela,,,,,
Saira Banu,1972,Victoria No. 203,Rekha,,,,,
Saira Banu,1973,Jwar Bhata,Gayatri,,,,,
Saira Banu,1973,Daaman Aur Aag,Rita,,,,,
Saira Banu,1974,Resham Ki Dori,Anupama,,,,,
Saira Banu,1974,International Crook,Seema,,,,,
Saira Banu,1974,Sagina,Lalita,,,,,
Saira Banu,1974,Pocketmaar,Asha Rai,,,,,
Saira Banu,1974,Aarop,Aruna,,,,,
Saira Banu,1974,Paise Ki Gudiya,Madhavi,,,,,
Saira Banu,1975,Saazish,Sunita,,,,,
Saira Banu,1975,Zameer,Sunita,,,,,
Saira Banu,1975,Chaitali,Chaitali,,,,,
Saira Banu,1975,Aakhri Daao,Reena,,,,,
Saira Banu,1975,Mounto,Meena,,,,,
Saira Banu,1976,Aarambh,Parvati,,,,,
Saira Banu,1976,Bairaag,Tara,,,,,
Saira Banu,1976,Hera Pheri,Kiran Singh,,,,,
Saira Banu,1976,Koi Jeeta Koi Haara,Tulsi,,,,,
Saira Banu,1976,Nehle Peh Dehlaa,Beena,,,,,
Saira Banu,1977,Mera Vachan Geeta Ki Qasam,Champa,,,,,
Saira Banu,1978,Kaala Aadmi,Sheetal,,,,,
Saira Banu,1980,Desh Drohi,Prerna,,,,,
Saira Banu,1980,Lahu Pukarega,Sarla,,,,,
Saira Banu,1984,Duniya,Sumitra Kumar,Guest Appearance,,,,
Saira Banu,1988,Faisla,Radha,,,,,
Dilip Kumar,1944,Jwar Bhata,Jagish,Amiya Chakravarty,Debut film,,,
Dilip Kumar,1945,Pratima,Karan Jairaj,Paidi Jairaj,,,,
Dilip Kumar,1946,Milan,Ramesh,Nitin Bose,,,,
Dilip Kumar,1947,Jugnu,Suraj,Shaukat Hussain Rizvi,,,,
Dilip Kumar,1948,Ghar Ki Izzat,Ramchandra,Ram Daryani,,,,
Dilip Kumar,1948,Shaheed,Ram,Ramesh Saigal,,,,
Dilip Kumar,1948,Mela,Mohan,S. U. Sunny,,,,
Dilip Kumar,1948,Anokha Pyar,Karan,M. I. Dharamsey,,,,
Dilip Kumar,1948,Nadiya Ke Par,Vasusena Singh,Kishore Sahu,,,,
Dilip Kumar,1949,Andaz,Dilip,Mehboob Khan,,,,
Dilip Kumar,1949,Shabnam,Manoj,B. Mitra,,,,
Dilip Kumar,1950,Jogan,Vijay,Kidar Nath Sharma,,,,
Dilip Kumar,1950,Arzoo,Digvijay Singh,Shaheed Latif,,,,
Dilip Kumar,1950,Babul,Ramchandra,S.U. Sunny,,,,
Dilip Kumar,1951,Hulchul,Radheya,S. K. Ojha,,,,
Dilip Kumar,1951,Deedar,Shyamu,Nitin Bose,,,,
Dilip Kumar,1951,Tarana,Dr. Motilal,Ram Daryani,,,,
Dilip Kumar,1952,Daag,Shankar,Amiya Chakravarty,Filmfare Award for Best Actor,[ 1 ] [ 3 ] [ 5 ],,
Dilip Kumar,1952,Aan,Jai Tilak,Mehboob Khan,,,,
Dilip Kumar,1952,Sangdil,Dharmaraja,R. C. Talwar,,,,
Dilip Kumar,1953,Shikast,Dr. Ram Singh,Ramesh Saigal,,,,
Dilip Kumar,1953,Footpath,Vasusena,Zia Sarhadi,,,,
Dilip Kumar,1954,Amar,Advocate Amar,Mehboob Khan,,,,
Dilip Kumar,1955,Devdas,Devdas,Bimal Roy,Filmfare Award for Best Actor,[ 1 ] [ 5 ],,
Dilip Kumar,1955,Uran Khatola,Ramchandra,S. U. Sunny,,,,
Dilip Kumar,1955,Azaad,Kumar / Azaad / Abdul Rahim Khan,S. M. Sriramulu Naidu,Filmfare Award for Best Actor,[ 1 ] [ 3 ] [ 5 ],,
Dilip Kumar,1955,Insaniyat,Mangal,S. S. Vasan,,,,
Dilip Kumar,1957,Musafir,Raja,Hrishikesh Mukherjee,,[ 3 ],,
Dilip Kumar,1957,Naya Daur,Shankar,B. R. Chopra,Filmfare Award for Best Actor,[ 1 ] [ 5 ],,
Dilip Kumar,1958,Yahudi,Prince Marcus,Bimal Roy,,,,
Dilip Kumar,1958,Madhumati,Anand / Deven (Dual Role),Bimal Roy,Nominated—Filmfare Award for Best Actor,[ 1 ] [ 3 ],,
Dilip Kumar,1959,Paigham,Ratan Lal,S. S. Vasan,Nominated—Filmfare Award for Best Actor,,,
Dilip Kumar,1960,Kohinoor,Yuvraj Rana Devendra Pratap Bahadur / Kohinoor,S. U. Sunny,Filmfare Award for Best Actor,[ 2 ] [ 5 ],,
Dilip Kumar,1960,Mughal-E-Azam,Prince Salim,K. Asif,Nominated—Filmfare Award for Best Actor,[ 1 ],,
Dilip Kumar,1961,Gunga Jumna,"Gungaram ""Gunga""",Nitin Bose,Nominated—Filmfare Award for Best Actor,[ 1 ],,
Dilip Kumar,1964,Leader,Vijay Khanna,Ram Mukherjee,Filmfare Award for Best Actor,[ 5 ],,
Dilip Kumar,1966,Dil Diya Dard Liya,Shankar / Raja Sahib,Abdur Rashid Kardar,Nominated—Filmfare Award for Best Actor,[ 4 ],,
Dilip Kumar,1967,Ram Aur Shyam,Ram / Shyam (Double Role),Tapi Chanakya,Filmfare Award for Best Actor,[ 5 ] [ 4 ],,
Dilip Kumar,1968,Aadmi,Rajesh / Raja Sahib,A. Bhimsingh,Nominated—Filmfare Award for Best Actor,,,
Dilip Kumar,1968,Sunghursh,Kundan Prasad / Bajrangi,Harnam Singh Rawail,Nominated—Filmfare Award for Best Actor,[ 3 ],,
Dilip Kumar,1970,Gopi,"Gopiram ""Gopi""",A. Bhimsingh,Nominated—Filmfare Award for Best Actor,,,
Dilip Kumar,1970,Sagina Mahato,Sagina Mahato,Tapan Sinha,Bengali film,,,
Dilip Kumar,1972,Dastaan,Diwan Anil Kumar / Sunil Kumar / Judge Vishnu Sahay (Double Role),B. R. Chopra,,,,
Dilip Kumar,1972,Koshish,Himself,Gulzar,Guest appearance,,,
Dilip Kumar,1974,Sagina,Sagina Maheto,Tapan Sinha,Nominated—Filmfare Award for Best Actor,[ 8 ],,
Dilip Kumar,1974,Phir Kab Milogi,Teja Singh,Hrishikesh Mukherjee,Guest appearance,,,
Dilip Kumar,1976,Bairaag,"Kailash / Bholanath ""Bhola"" / Sanjay (Triple Role)",Asit Sen,Nominated—Filmfare Award for Best Actor,[ 2 ],,
Dilip Kumar,1981,Kranti,Sanga,Manoj Kumar,,,,
Dilip Kumar,1982,Shakti,DCP Ashwini Kumar,Ramesh Sippy,Filmfare Award for Best Actor,[ 1 ] [ 5 ],,
Dilip Kumar,1982,Vidhaata,Shamsher Singh / Shobhraj,Subhash Ghai,,,,
Dilip Kumar,1983,Mazdoor,Dinanath Saxena,Ravi Chopra,,[ 9 ],,
Dilip Kumar,1983,Film Hi Film,Ram,Hiren Nag,,,,
Dilip Kumar,1984,Mashaal,Vinod Kumar,Yash Chopra,Nominated—Filmfare Award for Best Actor,[ 1 ] [ 6 ],,
Dilip Kumar,1984,Duniya,Mohan Kumar,Ramesh Talwar,,[ 6 ],,
Dilip Kumar,1986,Dharm Adhikari,Dharamraj,K. Raghavendra Rao,,[ 6 ],,
Dilip Kumar,1986,Karma,Jailor Vishwanath Pratap Singh / Rana / Dada Thakur,Subhash Ghai,,[ 1 ] [ 6 ],,
Dilip Kumar,1989,Kanoon Apna Apna,Collector Jagatpratap Singh,B. Gopal,,[ 10 ] [ 6 ],,
Dilip Kumar,1990,Izzatdaar,Brahma Dutt,K. Bapaiah,,[ 11 ] [ 6 ],,
Dilip Kumar,1991,Saudagar,Thakur Veer Singh,Subhash Ghai,Nominated—Filmfare Award for Best Actor,[ 1 ] [ 6 ],,
Dilip Kumar,1998,Qila,Judge Amarnath Singh / Jagannath Singh (Dual Role),Umesh Mehra,Last film,[ 2 ] [ 6 ],,
Dilip Kumar,1954,Shikwa,,Ramesh Saigal,Co-star: Nutan,,,
Dilip Kumar,1990,Aag Ka Dariya,,S V Rajendra Singh,Co-star: Rekha,,,
Dilip Kumar,1996,Kalinga,,Dilip Kumar,Co-star: Roopa Ganguly,,,
Anushka Sharma,2008,Rab Ne Bana Di Jodi,,[183],,,,
Anushka Sharma,2010,Badmaash Company,,[184],,,,
Anushka Sharma,,Band Baaja Baaraat,,[185],,,,
Anushka Sharma,2011,Patiala House,,[31],,,,
Anushka Sharma,,Ladies vs Ricky Bahl,,[186],,,,
Anushka Sharma,2012,Jab Tak Hai Jaan,,[187],,,,
Anushka Sharma,2013,Matru Ki Bijlee Ka Mandola,,[188],,,,
Anushka Sharma,2014,PK,,[189],,,,
Anushka Sharma,2015,NH10,Also producer,[190],,,,
Anushka Sharma,,Bombay Velvet,,[191],,,,
Anushka Sharma,,Dil Dhadakne Do,,[192],,,,
Anushka Sharma,2016,Sultan,,[193],,,,
Anushka Sharma,,Ae Dil Hai Mushkil,,[194],,,,
Anushka Sharma,2017,Phillauri,"Also producer and playback singer for song ""Naughty Billo""",[82][195],,,,
Anushka Sharma,,Jab Harry Met Sejal,,[196],,,,
Anushka Sharma,2018,Pari,Also producer,[197],,,,
Anushka Sharma,,Sanju,,[198],,,,
Anushka Sharma,,Sui Dhaaga,,[199],,,,
Anushka Sharma,,Zero,,[200],,,,
,,,,[201],,,,