Year,Title,Role,Notes,Ref.,Romantic interest,Year of birth of romantic interest,Age of RI,AK year of birth,AK age at movie
1987,Aaj,Karate instructor,Special appearance,[1],,,,1967,20
1991,Saugandh,Shiva Kirplani,,[28],Shantipriya,1969,22,1967,24
1991,Dancer,Raju,,[29],Mohini,1976,15,1967,24
1992,Khiladi,Raj Malhotra,,[30],Ayesha Jhulka,1972,20,1967,25
1992,Mr. Bond,Mr. Bond,,[31],Sheeba,1970,22,1967,25
1992,Deedar,Anand Malhotra,,[32],Karisma Kapoor,1974,18,1967,25
1993,Ashaant,Vijay Roy,Bilingual film,[33] [34],Ashwini Bhave,1972,21,1967,26
1993,Dil Ki Baazi,Vijay Kashyap,,[35],Ayesha Jhulka,1972,21,1967,26
1993,Kayda Kanoon,Dawood Durani,,[36],Ashwini Bhave,1972,21,1967,26
1993,Waqt Hamara Hai,Vikas Sabkuchwala,,[37],Ayesha Jhulka,1972,21,1967,26
1993,Sainik,Lieutenant. Suraj Dutt,,[38],Ashwini Bhave,1967,26,1967,26
1994,Elaan,Vishal Chaudhary,,[39],Madhoo,1969,25,1967,27
1994,Yeh Dillagi,"Vijayendra ""Vijay"" Saigal",,[40],Kajol,1974,20,1967,27
1994,Jai Kishen,Jai Verma / Kishen Verma [a],,[9] [41],Ayesha Jhulka,1972,22,1967,27
1994,Mohra,Amar Saxena,,[42],Raveena Tandon,1972,22,1967,27
1994,Main Khiladi Tu Anari,Karan Joglekar,,[43] [44],Shilpa Shetty,1975,19,1967,27
1994,Ikke Pe Ikka,Rajiv,,[45],?,?,#VALUE!,1967,27
1994,Amanaat,Amar Kumar,,[46],Heera Rajagopal,?,#VALUE!,1967,27
1994,Suhaag,Raj Sinha,,[47],Karisma Kapoor,1974,20,1967,27
1994,Zakhmi Dil,Jaidev Anand,,[48],Ashwini Bhave,1967,27,1967,27
1994,Zaalim,Ravi Pratap,,[49],Madhoo,1969,25,1967,27
1994,Hum Hain Bemisaal,Vijay Sinha,,[50],Madhoo,1969,25,1967,27
1995,Paandav,Vijay Kumar,,[51],Nandini,?,#VALUE!,1967,28
1995,Maidan-E-Jung,Karan Singh,,[52],Karisma Kapoor,1974,21,1967,28
1995,Nazar Ke Samne,Jai Kumar,,[53],Farheen,1973,22,1967,28
1995,Sabse Bada Khiladi,"Vijay ""Lallu"" Kumar",25th Film,[54],Mamta Kulkarni,1972,23,1967,28
1996,Tu Chor Main Sipahi,Amar Verma,,[55],Tabu,1971,25,1967,29
1996,Khiladiyon Ka Khiladi,Akshay Malhotra,,[56],Raveena Tandon,1974,22,1967,29
1996,Sapoot,Prem Singhania,,[57],Karisma Kapoor,1974,22,1967,29
1997,Lahoo Ke Do Rang,Sikandar Davai,,[58],Karisma Kapoor,1974,23,1967,30
1997,Insaaf,Vikram Singh Jain,,[59],Shilpa Shetty,1975,22,1967,30
1997,Daava,Arjun Sarwar,,[60],Raveena Tandon,1974,23,1967,30
1997,Tarazu,Ram Yadav,,[61],Sonali Bendre,1975,22,1967,30
1997,Mr. and Mrs. Khiladi,"Rajant ""Raja"" Kapoor (Mr. Khiladi)",,[62] [63],Juhi Chawla,1967,30,1967,30
1997,Dil To Pagal Hai,Ajay Sahni,Cameo appearance,[64],,,,1967,30
1997,Aflatoon,Rocky Chaturvedi / Raja Chaturvedi [a],,[65] [66],Urmila Matondkar,1974,23,1967,30
1998,Keemat,Dev,,[67] [68],Raveena Tandon,1974,24,1967,31
1998,Angaaray,Amar Mehra,,[69],Sonali Bendre,1975,23,1967,31
1998,Barood,Jai Sharma,,[70],Raveena Tandon,1974,24,1967,31
1999,Sangharsh,Aman Verma,,[71],Preity Zinta,1975,24,1967,32
1999,Aarzoo,Vijay Khanna / Devaa,,[72],Madhuri Dixit,1967,32,1967,32
1999,International Khiladi,Devraj Anand,,[73],Twinkle Khanna,1974,25,1967,32
1999,Zulmi,Raj Malhotra,,[74],Twinkle Khanna,1974,25,1967,32
1999,Jaanwar,Baadshah / Babu Lohaar,,[75],Karisma Kapoor,1974,25,1967,32
2000,Hera Pheri,Raju / Rajesh Rathod,,[76] [77],Tabu,1971,29,1967,33
2000,Dhadkan,Ram Verma,,[78],Shilpa Shetty,1975,25,1967,33
2000,Khiladi 420,Dev Kumar Malhotra / Anand Kumar Malhotra [a],,[79],Mahima Chaudhry,1973,27,1967,33
2001,Ajnabee,Vikram Bajaj,,[80],Kareena Kapoor,1980,21,1967,34
2001,Ek Rishtaa: The Bond of Love,Ajay Kapoor,,[81],Karisma Kapoor,1974,27,1967,34
2002,Aadhar,Jagdish's friend,Cameo appearance; Marathi film,[82],,,,1967,35
2002,Haan Maine Bhi Pyaar Kiya,Raj Malhotra,,[83],Karisma Kapoor,1974,28,1967,35
2002,Aankhen,Vishwas Raj Prajapati,,[84],Sushmita Sen,1975,27,1967,35
2002,Awara Paagal Deewana,Guru Gulab Khatri,50th Film,[85],Preeti Jhangiani,1980,22,1967,35
2002,Jaani Dushman,Atul Agarwal,,[86],Manisha Koirala,1970,32,1967,35
2003,Talaash,Arjun Raichand,,[87],Kareena Kapoor,1980,23,1967,36
2003,Andaaz,Raj Malhotra,,[88],Lara Dutta,1978,25,1967,36
2004,Khakee,Senior Inspector Shekhar Verma,,[89] [90],Aishwarya Rai,1973,31,1967,37
2004,Police Force,Vijay Singh,,[91],Raveena Tandon,1974,30,1967,37
2004,Aan: Men at Work,DCP Hari Om Pattnaik,,[92],Lara Dutta,1978,26,1967,37
2004,Mujhse Shaadi Karogi,"Arun ""Sunny"" Khanna",,[93] [94],Priyanka Chopra,1982,22,1967,37
2004,Hatya,Ravi Lal,,[95],Varsha Usgaonkar,1968,36,1967,37
2004,Aitraaz,Raj Malhotra,,[96],Kareena Kapoor,1980,24,1967,37
2004,Meri Biwi Ka Jawaab Nahin,Ajay Khanna,,[97],Sridevi,1963,41,1967,37
2004,Ab Tumhare Hawale Watan Saathiyo,Rajeev Singh,,[98],Esha Deol,1981,23,1967,37
2005,Insan,Amjad Khan,,[99],Esha Deol,1981,24,1967,38
2005,Bewafaa,Raja Bhosle,,[100],Kareena Kapoor,1980,25,1967,38
2005,Waqt,Aditya Thakur,,[101],Priyanka Chopra,1982,23,1967,38
2005,Garam Masala,"Makrand ""Mac"" Godbole",,[102],Rimi Sen,1981,24,1967,38
2005,Deewane Huye Paagal,"Ranbir ""Rocky"" Hiranadani",,[103],Rimi Sen,1981,24,1967,38
2005,Dosti: Friends Forever,Raj Malhotra,,[104],Kareena Kapoor,1980,25,1967,38
2006,Family,Simple Cook Shekhar Bhatia,,[105],Bhumika Chawla,1978,28,1967,39
2006,Mere Jeevan Saathi,Vicky Bahl,,[106],Karisma Kapoor,1974,32,1967,39
2006,Humko Deewana Kar Gaye,Aditya Malhotra,,[107],Katrina Kaif,1983,23,1967,39
2006,Phir Hera Pheri,Raju / Rajesh Rathod,,[108],Lara Dutta,1978,28,1967,39
2006,Jaan-E-Mann,Agastya Rao,,[109],Preity Zinta,1975,31,1967,39
2006,Bhagam Bhag,Bunty Rajkumar,,[110],Lara Dutta,1978,28,1967,39
2007,Namastey London,Arjun Singh,,[111],Katrina Kaif,1983,24,1967,40
2007,Heyy Babyy,Aarush Mehra,75th Film,[112],Vidya Balan,1979,28,1967,40
2007,Bhool Bhulaiyaa,Aditya Shrivastava,,[113],Vidya Balan,1979,28,1967,40
2007,Om Shanti Om,Himself,Special appearance,[114],,,,1967,40
2007,Welcome,Rajiv Saini,,[115],Katrina Kaif,1983,24,1967,40
2008,Tashan,Bachchan Pandey,,[116],Kareena Kapoor,1980,28,1967,41
2008,Singh Is Kinng,Happy Singh,,[117] [118],Katrina Kaif,1983,25,1967,41
2008,Jumbo,"Jaybir ""Jumbo"" Singh",Also narrator,[119],,,,1967,41
2009,Chandni Chowk to China,Sidhu / Sidhesh Sharma,,[120],Deepika Padukone,1986,23,1967,42
2009,8 x 10 Tasveer,Jai Puri / Jeet Puri [a],,[121],Ayesha Takia,1986,23,1967,42
2009,Kambakkht Ishq,Viraj Shergill,,[122],Kareena Kapoor,1980,29,1967,42
2009,Blue,Aarav Malhotra,,[123],Lara Dutta,1978,31,1967,42
2009,De Dana Dan,Nitin Bankar,,[124],Katrina Kaif,1983,26,1967,42
2010,Housefull,Aarush Awasthi,,[125],Deepika Padukone,1986,24,1967,43
2010,Khatta Meetha,Sachin Tichkule,,[126],Trisha Krishnan,1983,27,1967,43
2010,Action Replayy,Kishen Kumar Chopra,,[127],Aishwarya Rai,1973,37,1967,43
2010,Tees Maar Khan,Tabrez Mirza Khan / Tees Maar Khan,,[128],Katrina Kaif,1983,27,1967,43
2011,Patiala House,"Parghat Singh ""Gattu"" Kahlon",,[129],Anushka Sharma,1988,23,1967,44
2011,Thank You,Kishen Khurana,,[130],Sonam Kapoor,1985,26,1967,44
2011,Breakaway,Himself,Special appearance,[131],,,,1967,44
2011,Desi Boyz,"Jignesh ""Jerry"" Patel / Rocco",,[132],Deepika Padukone,1986,25,1967,44
2011,Chalo Dilli,Lieutenant Colonel Vikram Singh Rana,Cameo appearance,[133],,,,1967,44
2012,Housefull 2,Sunny Pujari / Sunil,,[134],Asin Thottumkal,1985,27,1967,45
2012,Rowdy Rathore,Shiva / Shivam Bharadwaj ASP Vikram Singh Rathore [a],,[135] [136],Sonakshi Sinha,1987,25,1967,45
2012,Joker,Rajkumar Joker Sattu / Agastya Sattu,,[137] [138],Sonakshi Sinha,1987,25,1967,45
2012,OMG – Oh My God!,God Krishna Vasudev Yadav,,[22] [139],,,,1967,45
2012,Khiladi 786,Bahattar Singh / Tehattar Singh [a],,[140],Asin Thottumkal,1985,27,1967,45
2013,Bhaji in Problem,Himself,Special appearance; Punjabi film,[141],,,,1967,46
2013,Special 26,Ajay Singh Vardhan,,[142],Kajal Aggarwal,1985,28,1967,46
2013,Once Upon A Time in Mumbai Dobaara!,Criminal Shoaib Khan,,[143],Sonakshi Sinha,1987,26,1967,46
2013,Boss,"Suryakant Shastri / Surya ""Boss""",100th Film,[144],Aditi Rao Hydari,1986,27,1967,46
2013,Bombay Talkies,Himself,"Guest appearance in song "" Apna Bombay Talkies """,[145],,,,1967,46
2014,Holiday,Lieutenant Captain Virat Bakshi,,[146] [147],Sonakshi Sinha,1987,27,1967,47
2014,Fugly,Himself,"Special appearance in the song ""Fugly Fugly Kya Hai""",[148],,,,1967,47
2014,Entertainment,Akhil Johri,,[149],Tamannaah Bhatia,1989,25,1967,47
2014,The Shaukeens,Himself / Rajiv Bhatia,,[150],Lisa Haydon,1986,28,1967,47
2015,Baby,Ajay Singh Rajput,,[151],Taapsee Pannu,1987,28,1967,48
2015,Hey Bro,Himself,"Special appearance in the song ""Birju""",[152],,,,1967,48
2015,Gabbar Is Back,"Professor Aditya ""Gabbar"" Singh Rajput",,[153],Shruti Haasan,1986,29,1967,48
2015,Brothers,David Fernandes,,[154],Jacqueline Fernandez,1985,30,1967,48
2015,Singh Is Bling,Raftaar Singh,,[155],Amy Jackson,1992,23,1967,48
2016,Airlift,Ranjit Katyal,,[156],Nimrat Kaur,1982,34,1967,49
2016,Housefull 3,"Sanket ""Sandy"" Sehgal / Sundy",,[157],Jacqueline Fernandez,1985,31,1967,49
2016,Dishoom,Sameer Gazi,Cameo,[158],,,,1967,49
2016,Rustom,Rustom Pavri,,[159],Ileana D'Cruz,1986,30,1967,49
2017,Jolly LLB 2,"Advocate Jagdishwar ""Jolly"" Mishra",,[160],Huma Qureshi,1986,31,1967,50
2017,Naam Shabana,Ajay Singh Rajput,Cameo appearance,[161],,,,1967,50
2017,Toilet: Ek Prem Katha,Keshav Sharma,,[162],Bhumi Pednekar,1989,28,1967,50
2018,Pad Man,Lakshmi Kant Chauhan,,[163],Radhika Apte,1985,33,1967,51
2018,Gold,Tapan Das,,[164],Mouni Roy,1985,33,1967,51
2018,2,Pakshi Rajan,Tamil film; antagonist (Rajinikanth lead),[165],,,,1967,51
2018,Simmba,"DCP Veer ""Surya"" Sooryavanshi",Cameo appearance,[166],,,,1967,51
2019,Kesari,Havildar Ishar Singh,,[167],Parineeti Chopra,1988,31,1967,52
2019,Blank,Himself,"Special appearance in the song ""Ali Ali""",[168],,,,1967,52
2019,Mission Mangal,Rakesh Dhawan,Ensemble,[169],Vidya Balan,1979,40,1967,52
2019,Housefull 4,Harry Sinha / Bala Dev Singh [a],,[170],Kriti Sanon,1990,29,1967,52
2019,Good Newwz,Varun Batra,,[171],Kareena Kapoor,1980,39,1967,52
2020,Laxmii,Asif Ahmed,,[172],Kiara Advani,1992,28,1967,53
2021,Bell Bottom,Anshul Malhotra / Bell Bottom,,[173],Vaani Kapoor,1988,33,1967,54
2021,Sooryavanshi,"DCP Veer Sooryavanshi ""Surya""",,[174] [175],Katrina Kaif,1983,38,1967,54
2021,Atrangi Re,Sajjad Ali Khan,,[176] [177],Sara Ali Khan,1995,26,1967,54
2022,Bachchhan Paandey,Bachchan Pandey,,[178] [179],Kriti Sanon,1990,32,1967,55
2022,Samrat Prithviraj,Samrat Prithviraj Chauhan,125th Film,[180],Manushi Chillar,1997,25,1967,55
2022,Raksha Bandhan,Lala Kedarnath Agarwal,,[181],Bhumi Pednekar,1989,33,1967,55
2022,Cuttputlli,SI Arjan Sethi,,[182],Rakul Preet Singh,1990,32,1967,55
2022,Ram Setu,Aryan Kulshrestha,,[183],Nushrratt Bharuccha,1985,37,1967,55
2022,An Action Hero,Himself,Cameo appearance,[184],,,,1967,55
2023,Selfiee,Vijay Kumar,,[185],Diana Penty,1985,38,1967,56
2023,OMG 2 †,Lord Shiva,Post-production,[186],Yami Gautam,1988,35,1967,56
2023,The Great Indian Rescue †,Jaswant Singh Gill,Filming,[187] [188],,,,1967,56
2023,Untitled remake of Soorarai Pottru †,TBA,Post-production,[189],,,,1967,56
2024,Bade Miyan Chote Miyan †,TBA,Filming,[190],Manushi Chillar,1997,27,1967,57
2024,Vedat Marathe Veer Daudle Saat †,Chhatrapati Shivaji Maharaj,Filming; Marathi film,[191],,,,1967,57
2024,Hera Pheri 3 †,Raju,Filming,[192] [193],,,,1967,57
2024,Bade Miyan Chote Miyan,"Captain Firoz ""Freddy""",,[186],Manushi Chillar,1997,27,1967,57
2024,Sarfira,Vir Mhatre,Nominated-Filmfare Award for Best Actor,[187][188],Radhika Madan,1995,29,1967,57
2024,Khel Khel Mein,Rishabh Malik,,[189],Taapsee Pannu,1987,37,1967,57
2024,Stree 2,Sarkata's descendant,Cameo,[190],,,,1967,57
2024,Singham Again,"DCP Veer Sooryavanshi ""Surya""",,[191],Deepika Padukone,1986,38,1967,57
2025,Sky Force,Wing Commander Kumar Om Ahuja,,[192],Sara Ali Khan,1995,30,1967,58
2025,Kesari Chapter 2,C. Sankaran Nair,,[193],,,,1967,58
2025,Housefull 5,"Julius ""Jolly 3""",,[194],Sonam Bajwa,1989,36,1967,58
2025,Kannappa,Shiva,Cameo; Telugu film,[195],,,,1967,58
2025,Jolly LLB 3,"Advocate Jagdishwar ""Jolly"" Mishra",,[196],Huma Qureshi,1986,39,1967,58
2026,Bhooth Bangla,Arjun Acharya / Madhav Acharya[a],Also producer,[197],Wamiqa Gabi,1993,33,1967,59
2026,Welcome to the Jungle †,TBA,Completed,[198],,,,1967,59
2026,Haiwaan †,,,[199],,,,1967,59
2026,Untitled Anees Bazmee film †,,Filming,[200],,,,1967,59
2027,Vedat Marathe Veer Daudle Saat †,Chhatrapati Shivaji Maharaj,Post-production; Marathi film,[201],,,,1967,60
2027,Golmaal 5 †,TBA,Filming,[2,,,,1967,60